{
  "appNameOne": "கோவிட்",
    "appNameTwo": "19",
    "language.header": "Langauge",
    "language.subheader": "உங்கள் மொழியைத் தேர்ந்தெடுக்கவும்",
    "dashboard.your-area": ​​"உங்கள் பகுதி",
    "dashboard.cuntry-status-header": "நாடு கண்காணிப்பான்",
    "dashboard.toplist": "மாநில டிராக்கர்",
    "dashboard.top-district-list": "மாவட்ட டிராக்கர்",
    "உறுதிப்படுத்தப்பட்டது": "உறுதிப்படுத்தப்பட்டது",
    "செயலில்": "செயலில்",
    "மீட்கப்பட்டது": "மீட்கப்பட்டது",
    "மரணங்கள்": "மரணங்கள்",
    "மாநிலம்.மஹாராஷ்டிரா": "மகாராஷ்டிரா",
    "state.Total": "மொத்தம்",
    "state.Delhi": "டெல்லி",
    "state.Tamil Nadu": "தமிழ்நாடு",
    "மாநில.ராஜஸ்தான்": "ராஜஸ்தான்",
    "மாநிலம். மத்தியப் பிரதேசம்": "மத்தியப் பிரதேசம்",
    "மாநில. உத்தரப்பிரதேசம்": "உத்தரப்பிரதேசம்",
    "state.Gujarat": "குஜராத்",
    "state.Telangana": "தெலுங்கானா",
    "மாநிலம். ஆந்திரா": "ஆந்திரா",
    "state.Kerala": "கேரளா",
    "மாநிலம்.ஜம்மு காஷ்மீர்": "ஜம்மு காஷ்மீர்",
    "state.Karnataka": "கர்நாடகா",
    "state.Haryana": "ஹரியானா",
    "மாநில. மேற்கு வங்கம்": "மேற்கு வங்கம்",
    "state.Punjab": "பஞ்சாப்",
    "மாநிலம். பீகார்": "பீகார்",
    "state.Odisha": "ஒடிசா",
    "state.Uttarakhand": "உத்தரகண்ட்",
    "state.Chttisgarh": "சத்தீஸ்கர்",
    "மாநிலம்.ஹிமாச்சல பிரதேசம்": "இமாச்சலப் பிரதேசம்",
    "state.Assam": "அசாம்",
    "state.Jharkhand": "ஜார்க்கண்ட்",
    "state.Candigarh": "சண்டிகர்",
    "state.Ladakh": "லடாக்",
    "மாநிலம். அந்தமான் மற்றும் நிக்கோபார் தீவுகள்": "அந்தமான் மற்றும் நிக்கோபார் தீவுகள்",
    "state.Goa": "கோவா",
    "state.Puducherry": "புதுச்சேரி",
    "state.Manipur": "மணிப்பூர்",
    "state.Tripura": "திரிபுரா",
    "state.Mizoram": "மிசோரம்",
    "மாநிலம்.அருணாச்சல பிரதேசம்": "அருணாச்சல பிரதேசம்",
    "மாநிலம்.தாத்ரா மற்றும் நகர் ஹவேலி": "தாத்ரா மற்றும் நகர் ஹவேலி",
    "மாநிலம்.நாகாலாந்து": "நாகாலாந்து",
    "state.Meghalaya": "மேகாலயா",
    "state.Daman and Diu": "தமன் மற்றும் டியு",
    "state.Lakshadweep": "லட்சத்தீவு",
    "state.Sikkim": "சிக்கிம்",
    "dashboard.view-district": "மாவட்டத்தைக் காண்க",
    "மாவட்டம். கேரளா.திருசூர்": "திருச்சூர்",
    "மாவட்டம்.கேரள.அலப்புழா": "ஆலப்புழா",
    "மாவட்டம்.கேரள.காசராகோடு": "காசர்கோடு",
    "மாவட்டம்.கேரள.பதனம்திட்டா": "பதனம்திட்டா",
    "மாவட்டம்.கேரள.கண்ணூர்": "கண்ணூர்",
    "மாவட்டம். கேரளா.இர்ணாகுளம்": "எர்ணாகுளம்",
    "மாவட்டம்.கேரள.கோட்டயம்": "கோட்டயம்",
    "மாவட்டம்.கேரள.திருவானந்தபுரம்": "திருவனந்தபுரம்",
    "மாவட்டம். கேரளா.இதுக்கி": "இடுகி",
    "மாவட்டம்.கேரள.மலப்புரம்": "மலப்புரம்",
    "மாவட்டம். கேரளா.கோஜிகோட்": "கோழிக்கோடு",
    "மாவட்டம்.கேரள.பாலக்காடு": "பாலக்காடு",
    "மாவட்டம். கேரளா.வயநாடு": "வயநாடு",
    "மாவட்டம்.கேரள.கொலம்": "கொல்லம்",
    "மாவட்டம்.டெல்லி.இஸ்ட் டெல்லி": "கிழக்கு டெல்லி",
    "மாவட்டம்.டெல்லி.ச outh த் மேற்கு தில்லி": "தென் மேற்கு டெல்லி",
    "மாவட்டம்.டெல்லி.வெஸ்ட் டெல்லி": "மேற்கு டெல்லி",
    "மாவட்டம்.டெல்லி.நார்த் டெல்லி": "வடக்கு டெல்லி",
    "மாவட்டம்.டெல்லி.புதிய டெல்லி": "புது தில்லி",
    "மாவட்டம்.டெல்லி.சவுத் டெல்லி": "தெற்கு டெல்லி",
    "மாவட்டம்.டெல்லி.நார்த் கிழக்கு தில்லி": "வடகிழக்கு டெல்லி",
    "மாவட்டம்.டெல்லி.நார்த் மேற்கு தில்லி": "வட மேற்கு டெல்லி",
    "District.Delhi.Unknown": "தெரியவில்லை",
    "மாவட்டம்.தெலங்கனா.ஹைதராபாத்": "ஹைதராபாத்",
    "மாவட்டம்.தெலங்கனா.கரிமநகர்": "கரீம்நகர்",
    "மாவட்டம்.தெலங்கனா.பத்ராத்ரி கோத்தகுடெம்": "பத்ராத்ரி கோத்தகுடெம்",
    "மாவட்டம்.தெலங்கனா.ரங்கா ரெட்டி": "ரங்கா ரெட்டி",
    "மாவட்டம்.தெலங்கனா.மெட்சல் மல்கஜ்கிரி": "மேட்சல் மல்கஜ்கிரி",
    "மாவட்டம்.தெலங்கனா. தெரியாதது": "தெரியாதது",
    "மாவட்டம்.தெலங்கனா.ராஜன்னா சிர்சில்லா": "ராஜண்ணா சிர்சில்லா",
    "மாவட்டம்.தெலங்கனா.கம்மம்": "கம்மம்",
    "மாவட்டம்.தெலங்கனா.வரங்கல் நகர்ப்புற": "வாரங்கல் நகர்ப்புறம்",
    "மாவட்டம்.தெலங்கனா.விகராபாத்": "விகராபாத்",
    "மாவட்டம்.தெலங்கனா.சூர்யாபேட்டை": "சூர்யாபேட்டை",
    "மாவட்டம்.தெலங்கனா.சிடிபேட்": "சித்திப்பேட்டை",
    "மாவட்டம்.தெலங்கனா.சங்கரெட்டி": "சங்கரெட்டி",
    "மாவட்டம்.தெலங்கனா.நிசாமாபாத்": "நிஜாமாபாத்",
    "மாவட்டம்.தெலங்கனா.மேடக்": "மேடக்",
    "மாவட்டம்.தெலங்கனா.மஹாபுப்நகர்": "மகாபூப்நகர்",
    "மாவட்டம்.தெலங்கனா.மஹாபுபாபாத்": "மகாபூபாபாத்",
    "மாவட்டம்.தெலங்கனா.அதிலாபாத்": "ஆதிலாபாத்",
    "மாவட்டம்.தெலங்கனா.நிரமல்": "நிர்மல்",
    "மாவட்டம்.தெலங்கனா.பெடப்பள்ளி": "பெடப்பள்ளி",
    "மாவட்டம்.தெலங்கனா.ஜாகிடியல்": "ஜாகிடியல்",
    "மாவட்டம்.தெலங்கனா.ஜோகுலம்பா கட்வால்": "ஜோகுலம்பா கட்வால்",
    "மாவட்டம்.தெலங்கனா.நல்கொண்டா": "நல்கொண்டா",
    "மாவட்டம்.தெலங்கனா.நாகர்கர்னூல்": "நாகர்கர்னூல்",
    "மாவட்டம்.தெலங்கனா.முலு": "முலுகு",
  "மாவட்டம்.தெலங்கனா.கமரெட்டி": "கமரெட்டி",
    "மாவட்டம்.தெலங்கனா.ஜெயசங்கர்": "ஜெயசங்கர்",
    "மாவட்டம்.தெலங்கனா.ஜாங்கோன்": "ஜாங்கோவான்",
    "மாவட்டம்.ராஜஸ்தான்.இத்தாலியர்கள் *": "இத்தாலியர்கள் *",
    "மாவட்டம்.ராஜஸ்தான்.ஜெய்ப்பூர்": "ஜெய்ப்பூர்",
    "மாவட்டம்.ராஜஸ்தான்.ஜுன்ஜுனு": "ஜுன்ஜுனு",
    "மாவட்டம்.ராஜஸ்தான்.பில்வாரா": "பில்வாரா",
    "மாவட்டம்.ராஜஸ்தான்.ஜோத்பூர்": "ஜோத்பூர்",
    "மாவட்டம்.ராஜஸ்தான்.பாலி": "பாலி",
    "மாவட்டம்.ராஜஸ்தான்.சிகர்": "சிகார்",
    "மாவட்டம்.ராஜஸ்தான்.பிரதப்கர்": "பிரதாப்கர்",
    "மாவட்டம்.ராஜஸ்தான்.தங்கர்பூர்": "துங்கர்பூர்",
    "மாவட்டம்.ராஜஸ்தான்.சுரு": "சுரு",
    "மாவட்டம்.ராஜஸ்தான்.அஜ்மீர்": "அஜ்மீர்",
    "மாவட்டம்.ராஜஸ்தான்.இவாக்கீஸ்": "வெளியேற்றங்கள்",
    "மாவட்டம்.ராஜஸ்தான்.அல்வார்": "ஆல்வார்",
    "மாவட்டம்.ராஜஸ்தான்.டொங்க்": "டோங்க்",
    "மாவட்டம்.ராஜஸ்தான்.தால்பூர்": "த ul ல்பூர்",
    "மாவட்டம்.ராஜஸ்தான். உதய்பூர்": "உதய்பூர்",
    "மாவட்டம்.ராஜஸ்தான்.பரத்பூர்": "பாரத்பூர்",
    "மாவட்டம்.ராஜஸ்தான்.பிகானர்": "பிகானேர்",
    "மாவட்டம்.ராஜஸ்தான்.த aus சா": "த aus சா",
    "மாவட்டம்.ராஜஸ்தான்.பன்ஸ்வாரா": "பன்ஸ்வாரா",
    "மாவட்டம்.ராஜஸ்தான்.கார ul லி": "கர ul லி",
    "மாவட்டம்.ராஜஸ்தான்.நாகூர்": "நாகூர்",
    "மாவட்டம்.ராஜஸ்தான்.ஜெய்சால்மர்": "ஜெய்சால்மர்",
    "மாவட்டம்.ராஜஸ்தான்.கோட்டா": "கோட்டா",
    "மாவட்டம்.ராஜஸ்தான்.ஜலவர்": "ஜலவர்",
    "மாவட்டம்.ராஜஸ்தான்.பார்மர்": "பார்மர்",
    "மாவட்டம்.ராஜஸ்தான்.ஹனுமங்கர்": "ஹனுமன்கர்",
    "மாவட்டம்.ராஜஸ்தான்.இவாக்கீஸ் *": "வெளியேற்றங்கள் *",
    "மாவட்டம்.ஹரியானா.இத்தாலியர்கள் *": "இத்தாலியர்கள் *",
    "மாவட்டம்.ஹரியானா.குருகிராம்": "குருகிராம்",
    "மாவட்டம்.ஹரியானா.பரிதாபாத்": "ஃபரிதாபாத்",
    "மாவட்டம்.ஹரியானா.பனிபத்": "பானிபட்",
    "மாவட்டம்.ஹரியானா.பஞ்ச்குலா": "பஞ்ச்குலா",
    "மாவட்டம்.ஹரியானா.சோனிபட்": "சோனிபட்",
    "மாவட்டம்.ஹரியானா.பால்வால்": "பல்வால்",
    "மாவட்டம்.ஹரியானா.அம்பலா": "அம்பாலா",
    "மாவட்டம்.ஹரியானா.சிர்சா": "சிர்சா",
    "மாவட்டம்.ஹரியானா.ஹிசார்": "ஹிசார்",
    "மாவட்டம்.ஹரியானா.ரோஹ்தக்": "ரோஹ்தக்",
    "மாவட்டம்.ஹரியானா.நு": "நு",
    "மாவட்டம்.ஹரியானா.கர்னல்": "கர்னல்",
    "மாவட்டம்.ஹரியானா.பிவானி": "பிவானி",
    "மாவட்டம்.ஹரியானா.கெய்தால்": "கைதால்",
    "மாவட்டம்.ஹரியானா.சர்கி தாத்ரி": "சர்கி தாத்ரி",
    "மாவட்டம்.ஹரியானா.ஜிந்த்": "ஜிந்த்",
    "மாவட்டம்.ஹரியானா.பதேஹாபாத்": "ஃபதேஹாபாத்",
    "மாவட்டம்.ஹரியானா.குருக்ஷேத்ரா": "குருக்ஷேத்ரா",
    "மாவட்டம்.ஹரியானா.யமுனாநகர்": "யமுனநகர்",
    "மாவட்டம். உத்தரப்பிரதேசம்.ஆக்ரா": "ஆக்ரா",
    "மாவட்டம். உத்தரப்பிரதேசம்.காஜியாபாத்": "காசியாபாத்",
    "மாவட்டம். உத்தரப்பிரதேசம். லக்னோ": "லக்னோ",
    "மாவட்டம். உத்தரப்பிரதேசம். க ut தம் புத்த நகர்": "க ut தம் புத்த நகர்",
    "மாவட்டம். உத்தரப்பிரதேசம்.கேரி": "கெரி",
    "மாவட்டம். உத்தரப்பிரதேசம்.மோரதாபாத்": "மொராதாபாத்",
    "மாவட்டம். உத்தரப்பிரதேசம்.வரணாசி": "வாரணாசி",
    "மாவட்டம். உத்தரப்பிரதேசம்.கான்பூர் நகர்": "கான்பூர் நகர்",
    "மாவட்டம். உத்தரப்பிரதேசம்.பிலிபிட்": "பிலிபிட்",
    "மாவட்டம். உத்தரப்பிரதேசம்.ஜான்பூர்": "ஜான்பூர்",
    "மாவட்டம். உத்தரப்பிரதேசம்.பக்பத்": "பாக்பத்",
    "மாவட்டம். உத்தரப்பிரதேசம்.ஷாம்லி": "ஷாம்லி",
    "மாவட்டம். உத்தரப்பிரதேசம். மீரட்": "மீரட்",
    "மாவட்டம். உத்தரப்பிரதேசம்.பரேலி": "பரேலி",
    "மாவட்டம். உத்தரப்பிரதேசம்.புலந்த்ஷஹர்": "புலந்த்ஷாஹர்",
    "மாவட்டம். உத்தரப்பிரதேசம்.பஸ்தி": "பஸ்தி",
    "மாவட்டம். உத்தரப்பிரதேசம்.ஹர்தோய்": "ஹார்டோய்",
    "மாவட்டம். உத்தரப்பிரதேசம். ஷாஜகான்பூர்": "ஷாஜகான்பூர்",
    "மாவட்டம். உத்தரப்பிரதேசம்.பிரோசாபாத்": "ஃபிரோசாபாத்",
    "மாவட்டம். உத்தரப்பிரதேசம்.அசம்கர்": "அசாம்கர்",
    "மாவட்டம். உத்தரப்பிரதேசம்.சஹரன்பூர்": "சஹரன்பூர்",
    "மாவட்டம். உத்தரப்பிரதேசம்.பிரதப்கர்": "பிரதாப்கர்",
    "மாவட்டம். உத்தரப்பிரதேசம்.ஹப்பூர்": "ஹப்பூர்",
    "மாவட்டம். உத்தரப்பிரதேசம். காசிப்பூர்": "காசிப்பூர்",
    "மாவட்டம். உத்தரப்பிரதேசம்.பண்டா": "பண்டா",
    "மாவட்டம். உத்தரப்பிரதேசம்.மஹ்ராஜ்கஞ்ச்": "மஹ்ராஜ்கஞ்ச்",
    "மாவட்டம். உத்தரப்பிரதேசம்.ஹத்ராஸ்": "ஹத்ராஸ்",
    "மாவட்டம். உத்தரப்பிரதேசம். மிர்சாபூர்": "மிர்சாபூர்",
    "மாவட்டம். உத்தரப்பிரதேசம். ரே பரேலி": "ரே பரேலி",
    "மாவட்டம். உத்தரப்பிரதேசம்.பாரா பாங்கி": "பரா பாங்கி",
    "மாவட்டம். உத்தரப்பிரதேசம்.அராயா": "ஆரையா",
    "மாவட்டம். உத்தரப்பிரதேசம்.மதுரா": "மதுரா",
    "மாவட்டம். உத்தரப்பிரதேசம்.புடான்": "புடான்",
    "மாவட்டம். உத்தரப்பிரதேசம். க aus சாம்பி": "க aus சாம்பி",
    "மாவட்டம். உத்தரப்பிரதேசம். பிஜ்னோர்": "பிஜ்னோர்",
    "மாவட்டம். உத்தரப்பிரதேசம்.பிரயாகராஜ்": "பிரயாகராஜ்",
    "மாவட்டம். உத்தரப்பிரதேசம்.சிதாபூர்": "சீதாபூர்",
    "மாவட்டம். உத்தரப்பிரதேசம்.முசாபர்நகர்": "முசாபர்நகர்",
    "மாவட்டம். உத்தரப்பிரதேசம்.அம்ரோஹா": "அம்ரோஹா",
    "மாவட்டம். உத்தரப்பிரதேசம்.ராம்பூர்": "ராம்பூர்",
    "மாவட்டம். உத்தரப்பிரதேசம்.படோஹி": "படோஹி",
    "மாவட்டம். உத்தரப்பிரதேசம்.கஸ்கஞ்ச்": "கஸ்கஞ்ச்",
    "மாவட்டம். உத்தரப்பிரதேசம். எட்டாவா": "எட்டாவா",
    "மாவட்டம். உத்தரப்பிரதேசம். பிஜாப்பூர்": "பிஜாப்பூர்",
    "மாவட்டம். உத்தரப்பிரதேசம்.சம்பால்": "சம்பல்",
    "மாவட்டம்.லடாக்.லெ": "லே",
    "மாவட்டம்.லடாக்.கர்கில்": "கார்கில்",
    "மாவட்டம்.தமிழ்நாடு.கஞ்சிபுரம்": "காஞ்சிபுரம்",
    "மாவட்டம்.தமிழ்நாடு.சென்னாய்": "சென்னை",
  "மாவட்டம்.தமிழ்நாடு.இரோடு": "ஈரோட்",
    "மாவட்டம்.தமிழ்நாடு.கோயம்புத்தூர்": "கோயம்புத்தூர்",
    "மாவட்டம்.தமிழ்நாடு.திருநெல்வேலி": "திருநெல்வேலி",
    "மாவட்டம்.தமிழ்நாடு.திரூப்பூர்": "திருப்பூர்",
    "மாவட்டம்.தமிழ்நாடு.மதுரை": "மதுரை",
    "மாவட்டம்.தமிழ்நாடு.செங்கல்பட்டு": "செங்கல்பட்டு",
    "மாவட்டம்.தமிழ்நாடு.சலேம்": "சேலம்",
    "மாவட்டம்.தமிழ்நாடு.ரணிப்பேட்டை": "ராணிப்பேட்டை",
    "மாவட்டம்.தமிழ்நாடு.தஞ்சாவூர்": "தஞ்சாவூர்",
    "மாவட்டம்.தமிழ்நாடு.வெல்லூர்": "வேலூர்",
    "மாவட்டம்.தமிழ்நாடு.விருதுநகர்": "விருதுநகர்",
    "மாவட்டம்.தமிழ்நாடு.கருர்": "கருர்",
    "மாவட்டம்.தமிழ்நாடு. திருவண்ணாமலை": "திருவண்ணாமலை",
    "மாவட்டம்.தமிழ்நாடு.வில்லுபுரம்": "விலப்புரம்",
    "மாவட்டம். தமிழ்நாடு.நமக்கல்": "நமக்கல்",
    "மாவட்டம்.தமிழ்நாடு.கண்ணியாகுமரி": "கன்னியாகுமரி",
    "மாவட்டம்.தமிழ்நாடு.தூத்துக்குடி": "தூத்துக்குடி",
    "மாவட்டம்.தமிழ்நாடு.தேனி": "தேனி",
    "மாவட்டம்.தமிழ்நாடு.திண்டிகுல்": "திண்டுக்கல்",
    "மாவட்டம்.தமிழ்நாடு.சிவகங்கா": "சிவகங்கா",
    "மாவட்டம்.தமிழ்நாடு.திருபதூர்": "திருப்பதூர்",
    "மாவட்டம்.தமிழ்நாடு.திருவரூர்": "திருவாரூர்",
    "மாவட்டம்.தமிழ்நாடு.ராமநாதபுரம்": "ராமநாதபுரம்",
    "மாவட்டம்.தமிழ்நாடு.திருவல்லூர்": "திருவள்ளூர்",
    "மாவட்டம்.தமிழ்நாடு.நாகப்பட்டினம்": "நாகப்பட்டினம்",
    "மாவட்டம்.தமிழ்நாடு.கடலூர்": "கடலூர்",
    "மாவட்டம்.தமிழ்நாடு.கல்லகுரிச்சி": "கல்லக்குரிச்சி",
    "மாவட்டம்.தமிழ்நாடு.பெரம்பலூர்": "பெரம்பலூர்",
    "மாவட்டம்.தமிழ்நாடு.திருச்சிரப்பள்ளி": "திருச்சிராப்பள்ளி",
    "மாவட்டம். தமிழ்நாடு. நீலகிரி": "நீலகிரி",
    "மாவட்டம்.தமிழ்நாடு.அரியலூர்": "அரியலூர்",
    "மாவட்டம்.தமிழ்நாடு.தென்காசி": "தென்காசி",
    "மாவட்டம்.ஜம்மு-காஷ்மீர்.ஜம்மு": "ஜம்மு",
    "மாவட்டம்.ஜம்மு காஷ்மீர்.ஸ்ரீநகர்": "ஸ்ரீநகர்",
    "மாவட்டம்.ஜம்மு காஷ்மீர்.பாண்டிபூர்": "பாண்டிபூர்",
    "மாவட்டம்.ஜம்மு-காஷ்மீர்.ராஜ ou ரி": "ராஜோரி",
    "மாவட்டம்.ஜம்மு காஷ்மீர்.பட்கம்": "பாட்கம்",
    "மாவட்டம்.ஜம்மு காஷ்மீர்.பரமுலா": "பாரமுலா",
    "மாவட்டம்.ஜம்மு காஷ்மீர்.ஷுபியன்": "ஷுபியன்",
    "மாவட்டம்.ஜம்மு காஷ்மீர்.உதம்பூர்": "உதம்பூர்",
    "மாவட்டம்.ஜம்மு காஷ்மீர்.புல்வாமா": "புல்வாமா",
    "மாவட்டம்.ஜம்மு காஷ்மீர்.குப்வாரா": "குப்வாரா",
    "மாவட்டம்.ஜம்மு காஷ்மீர்.கந்தர்பால்": "காண்டர்பால்",
    "மாவட்டம்.ஜம்மு காஷ்மீர்.குல்கம்": "குல்கம்",
    "மாவட்டம்.ஜம்மு காஷ்மீர்.கிஷ்த்வார்": "கிஷ்த்வார்",
    "மாவட்டம்.ஜம்மு காஷ்மீர்.சாம்பா": "சம்பா",
    "மாவட்டம்.ஜம்மு காஷ்மீர்.புடான்": "புடான்",
    "மாவட்டம். கர்நாடகா.பெங்களூரு": "பெங்களூரு",
    "மாவட்டம். கர்நாடக.கலபுராகி": "கலாபுராகி",
    "மாவட்டம். கர்நாடக.கோடகு": "கோடகு",
    "மாவட்டம். கர்நாடக.மிசுரு": "மைசூரு",
    "மாவட்டம். கர்நாடக.தார்வாட்": "தர்வாட்",
    "மாவட்டம். கர்நாடக.உத்தரா கன்னடம்": "உத்தரா கன்னடம்",
    "மாவட்டம். கர்நாடக.டக்ஷினா கன்னடம்": "தட்சிணா கன்னடம்",
    "மாவட்டம். கர்நாடக.சிக்கபல்லபுரா": "சிக்கபல்லபுரா",
    "மாவட்டம். கர்நாடக.உதுபி": "உடுப்பி",
    "மாவட்டம். கர்நாடக.தவனகேர்": "தாவனகேரே",
    "மாவட்டம். கர்நாடக.துமகுரு": "துமகுரு",
    "மாவட்டம். கர்நாடகா.பல்லாரி": "பல்லாரி",
    "மாவட்டம். கர்நாடகா.பிதர்": "பிதர்",
    "மாவட்டம். கர்நாடகா.பல்கல்கோட்": "பாகல்கோட்",
    "மாவட்டம். கர்நாடகா.பெலகவி": "பெலகாவி",
    "மாவட்டம். கர்நாடகா.பெங்களூரு கிராமம்": "பெங்களூரு கிராமப்புறம்",
    "மாவட்டம். கர்நாடக.கடாக்": "கடக்",
    "மாவட்டம். கர்நாடக.மண்ட்யா": "மண்ட்யா",
    "மாவட்டம். கர்நாடக.விஜயபுரா": "விஜயபுரா",
    "மாவட்டம்.மஹாராஷ்டிரா.புனே": "புனே",
    "மாவட்டம்.மஹாராஷ்டிரா.மும்பை": "மும்பை",
    "மாவட்டம்.மஹாராஷ்டிரா.நாக்பூர்": "நாக்பூர்",
    "மாவட்டம்.மஹாராஷ்டிரா.அஹ்மத்நகர்": "அஹ்மத்நகர்",
    "மாவட்டம்.மஹாராஷ்டிரா.தேன்": "தானே",
    "மாவட்டம்.மஹாராஷ்டிரா.ரைகர்": "ராய்கர்",
    "மாவட்டம்.மஹாராஷ்டிரா.யவத்மல்": "யவத்மல்",
    "மாவட்டம்.மஹாராஷ்டிரா.அரங்காபாத்": "அவுரங்காபாத்",
    "மாவட்டம்.மஹாராஷ்டிரா.ரத்னகிரி": "ரத்னகிரி",
    "மாவட்டம்.மஹாராஷ்டிரா.பல்கர்": "பால்கர்",
    "மாவட்டம்.மஹாராஷ்டிரா.சங்லி": "சாங்லி",
    "மாவட்டம்.மஹாராஷ்டிர.சதாரா": "சதாரா",
    "மாவட்டம்.மஹாராஷ்டிரா.சிந்துதுர்க்": "சிந்துதுர்க்",
    "மாவட்டம்.மஹாராஷ்டிரா.கொண்டியா": "கோண்டியா",
    "மாவட்டம்.மஹாராஷ்டிரா. கோலாப்பூர்": "கோலாப்பூர்",
    "மாவட்டம்.மஹாராஷ்டிரா. பிற மாநிலங்கள் *": "பிற மாநிலங்கள் *",
    "மாவட்டம்.மஹாராஷ்டிரா.ஜல்கான்": "ஜல்கான்",
    "மாவட்டம்.மஹாராஷ்டிரா.புல்தானா": "புல்தானா",
    "மாவட்டம்.மஹாராஷ்டிரா.நாசிக்": "நாசிக்",
    "மாவட்டம்.மஹாராஷ்டிரா.ஓஸ்மானாபாத்": "உஸ்மானாபாத்",
    "மாவட்டம்.மஹாராஷ்டிரா.வாஷிம்": "வாஷிம்",
    "மாவட்டம்.மஹாராஷ்டிரா.ஹிங்கோலி": "ஹிங்கோலி",
    "மாவட்டம்.மஹாராஷ்டிரா.அம்ராவதி": "அமராவதி",
    "மாவட்டம்.மஹாராஷ்டிரா.லாத்தூர்": "லாதூர்",
    "மாவட்டம்.மஹாராஷ்டிரா.ஜல்னா": "ஜல்னா",
    "மாவட்டம்.மஹாராஷ்டிரா.அகோலா": "அகோலா",
    "மாவட்டம்.மஹாராஷ்டிரா.பிட்": "ஏலம்",
    "மாவட்டம்.மஹாராஷ்டிரா.துலே": "துலே",
    "மாவட்டம்.மஹாராஷ்டிர.சோலாப்பூர்": "சோலாப்பூர்",
    "மாவட்டம்.பஞ்சாப்.அமிர்தசரஸ்": "அமிர்தசரஸ்",
    "மாவட்டம்.பஞ்சாப்.ஷாஹித் பகத் சிங் நகர்": "ஷாஹித் பகத் சிங் நகர்",
    "மாவட்டம்.பஞ்சாப்.எஸ்.ஏ.எஸ். நகர்": "எஸ்.ஏ.எஸ்.நகர்",
    "மாவட்டம்.பஞ்சாப்.ஹோஷியார்பூர்": "ஹோஷியார்பூர்",
    "மாவட்டம்.பஞ்சாப்.ஜலந்தர்": "ஜலந்தர்",
  "மாவட்டம்.பஞ்சாப்.லூதியானா": "லூதியானா",
    "மாவட்டம்.பஞ்சாப்.பட்டியாலா": "பாட்டியாலா",
    "மாவட்டம்.பஞ்சாப்.ருப்நகர்": "ரூப்நகர்",
    "மாவட்டம்.பஞ்சாப்.மன்சா": "மான்சா",
    "மாவட்டம்.பஞ்சாப்.பதன்கோட்": "பதான்கோட்",
    "மாவட்டம்.பஞ்சாப்.பரிட்கோட்": "ஃபரிட்கோட்",
    "மாவட்டம்.பஞ்சாப்.பார்ணாலா": "பர்னாலா",
    "மாவட்டம்.பஞ்சாப்.பதேஹ்கர் சாஹிப்": "ஃபதேஹ்கர் சாஹிப்",
    "மாவட்டம்.பஞ்சாப்.கபுர்தலா": "கபுர்தலா",
    "மாவட்டம்.பஞ்சாப்.மோகா": "மோகா",
    "மாவட்டம்.பஞ்சாப்.ஸ்ரீ முக்த்சர் சாஹிப்": "ஸ்ரீ முக்த்சர் சாஹிப்",
    "மாவட்டம்.பஞ்சாப்.சங்ரூர்": "சங்ரூர்",
    "மாவட்டம்.பஞ்சாப்.குர்தாஸ்பூர்": "குர்தாஸ்பூர்",
    "மாவட்டம்.ஆந்திரப் பிரதேசம் எஸ்.பி.எஸ். நெல்லூர்": "எஸ்.பி.எஸ்.நெல்லூர்",
    "மாவட்டம்.ஆந்திரப் பிரதேசம்.பிரகாசம்": "பிரகாரம்",
    "மாவட்டம்.ஆந்திரா. விசாகப்பட்டினம்": "விசாகப்பட்டினம்",
    "மாவட்டம்.ஆந்திரப் பிரதேசம். கிழக்கு கோதாவரி": "கிழக்கு கோதாவரி",
    "மாவட்டம்.ஆந்திரப் பிரதேசம். கிருஷ்ணா": "கிருஷ்ணா",
    "மாவட்டம்.ஆந்திரப் பிரதேசம்.சித்தூர்": "சித்தூர்",
    "மாவட்டம்.ஆந்திரப் பிரதேசம்.குண்டூர்": "குண்டூர்",
    "மாவட்டம்.ஆந்திரப் பிரதேசம். கர்னூல்": "கர்னூல்",
    "மாவட்டம்.ஆந்திரப் பிரதேசம்.அனந்தாபூர்": "அனந்தபூர்",
    "மாவட்டம்.ஆந்திரப் பிரதேசம்.வெஸ்ட் கோதாவரி": "மேற்கு கோதாவரி",
    "மாவட்டம்.ஆந்திரப் பிரதேசம்.ஒய்.எஸ்.ஆர்.": "ஒய்.எஸ்.ஆர்.",
    "மாவட்டம்.உத்திரகண்ட்.தேராடூன்": "டேராடூன்",
    "மாவட்டம்.உத்தராகண்ட்.ப au ரி கர்வால்": "ப ri ரி கர்வால்",
    "மாவட்டம்.உத்திரகண்ட்.உதம் சிங் நகர்": "உதம் சிங் நகர்",
    "மாவட்டம்.உத்திரகண்ட்.நைனிடல்": "நைனிடால்",
    "மாவட்டம்.உத்தராகண்ட்.ஹரித்வார்": "ஹரித்வார்",
    "மாவட்டம்.உத்தராகண்ட்.அல்மோரா": "அல்மோரா",
    "மாவட்டம்.உத்திரகண்ட். தெரியாதது": "தெரியாதது",
    "மாவட்டம்.ஒடிசா.கோர்தா": "கோர்தா",
    "மாவட்டம்.ஒடிசா.பத்ராக்": "பத்ராக்",
    "District.Odisha.Cuttack": "கட்டாக்",
    "மாவட்டம்.ஒடிசா.புரி": "பூரி",
    "மாவட்டம்.ஒடிசா.ஜஜாபூர்": "ஜஜாபூர்",
    "மாவட்டம்.ஒடிசா.கலஹந்தி": "கலாஹந்தி",
    "மாவட்டம்.ஒடிசா.கேந்திரபரா": "கேந்திரபரா",
    "மாவட்டம்.ஒடிசா.தெங்கனல்": "தெங்கனல்",
    "மாவட்டம்.ஒடிசா.சுந்தர்கர்": "சுந்தர்கர்",
    "மாவட்டம்.புதுச்சேரி.மஹே": "மகே",
    "மாவட்டம். புதுச்சேரி.புதுச்சேரி": "புதுச்சேரி",
    "மாவட்டம்.வெஸ்ட் வங்காளம். கொல்கத்தா": "கொல்கத்தா",
    "மாவட்டம்.வெஸ்ட் வங்காளம். வட 24 பர்கானாக்கள்": "வடக்கு 24 பர்கானாக்கள்",
    "மாவட்டம்.வெஸ்ட் வங்காளம்.நேடியா": "நாடியா",
    "மாவட்டம்.வெஸ்ட் பெங்கால். மெடினிபூர் கிழக்கு": "மதினிபூர் கிழக்கு",
    "மாவட்டம்.வெஸ்ட் பெங்கால்.கலிம்பொங்": "கலிம்பொங்",
    "மாவட்டம். மேற்கு வங்கம்.ஹூக்லி": "ஹூக்லி",
    "மாவட்டம். மேற்கு வங்கம்.ஹவுரா": "ஹவுரா",
    "மாவட்டம். மேற்கு வங்கம். தெற்கு 24 பர்கானாக்கள்": "தெற்கு 24 பர்கானாக்கள்",
    "மாவட்டம்.வெஸ்ட் வங்கம். தெரியாதது": "தெரியாதது",
    "மாவட்டம்.சந்திகர்.சந்திகர்": "சண்டிகர்",
    "மாவட்டம்.சட்டீஸ்கர்.ராபூர்": "ராய்ப்பூர்",
    "மாவட்டம்.சட்டீஸ்கர்.ராஜ்நந்த்கான்": "ராஜ்நந்த்கான்",
    "மாவட்டம்.சட்டீஸ்கர்.பிலாஸ்பூர்": "பிலாஸ்பூர்",
    "மாவட்டம்.சட்டீஸ்கர்.டர்க்": "துர்க்",
    "மாவட்டம்.சட்டீஸ்கர்.கோர்பா": "கோர்பா",
    "மாவட்டம்.குஜரத்.ராஜ்கோட்": "ராஜ்கோட்",
    "மாவட்டம்.குஜரத்.சுரத்": "சூரத்",
    "மாவட்டம்.குஜரத்.அஹ்மதாபாத்": "அகமதாபாத்",
    "மாவட்டம்.குஜரத்.வதோதரா": "வதோதரா",
    "மாவட்டம்.குஜரத்.காந்திநகர்": "காந்திநகர்",
    "மாவட்டம்.குஜரத்.காச்": "கச்",
    "மாவட்டம்.குஜரத்.மஹேசனா": "மகேசனா",
    "மாவட்டம்.குஜரத்.பவ்நகர்": "பாவ்நகர்",
    "மாவட்டம்.குஜரத்.பார்பந்தர்": "போர்பந்தர்",
    "மாவட்டம்.குஜரத்.கீர் சோம்நாத்": "கிர் சோம்நாத்",
    "மாவட்டம்.குஜரத்.பஞ்ச் மஹால்ஸ்": "பஞ்ச் மஹால்ஸ்",
    "மாவட்டம்.குஜரத்.பதன்": "படான்",
    "மாவட்டம்.குஜரத்.சோட்டா உதய்பூர்": "சோட்டா உதய்பூர்",
    "மாவட்டம்.குஜரத்.ஜாம்நகர்": "ஜாம்நகர்",
    "மாவட்டம்.குஜரத்.மார்பி": "மோர்பி",
    "மாவட்டம்.குஜரத்.ஆனந்த்": "ஆனந்த்",
    "மாவட்டம்.குஜரத்.சபர் காந்தா": "சபர் காந்தா",
    "மாவட்டம்.குஜரத்.தஹோட்": "தஹோத்",
    "மாவட்டம்.குஜரத்.பருச்": "பருச்",
    "மாவட்டம்.குஜரத்.பனாஸ் காந்தா": "பனாஸ் காந்தா",
    "மாவட்டம்.ஹிமாச்சல பிரதேசம்.காங்ரா": "காங்க்ரா",
    "மாவட்டம்.ஹிமாச்சல பிரதேசம்.உனா": "உனா",
    "மாவட்டம்.ஹிமாச்சல பிரதேசம்.சோலன்": "சோலன்",
    "மாவட்டம்.ஹிமாச்சல பிரதேசம்.சம்பா": "சம்பா",
    "மாவட்டம்.ஹிமாச்சல பிரதேசம்.சிர்ம ur ர்": "சிர்மவுர்",
    "மாவட்டம். மத்தியப் பிரதேசம்.ஜபல்பூர்": "ஜபல்பூர்",
    "மாவட்டம். மத்தியப் பிரதேசம்.போபால்": "போபால்",
    "மாவட்டம். மத்தியப் பிரதேசம்.இந்தூர்": "இந்தூர்",
    "மாவட்டம். மத்தியப் பிரதேசம்.உஜ்ஜைன்": "உஜ்ஜைன்",
    "மாவட்டம். மத்தியப் பிரதேசம். குவாலியர்": "குவாலியர்",
    "மாவட்டம். மத்தியப் பிரதேசம்.சிவ்புரி": "சிவபுரி",
    "மாவட்டம். மத்தியப் பிரதேசம்.சிந்த்வாரா": "சிந்த்வாரா",
    "மாவட்டம். மத்தியப் பிரதேசம்.மொரேனா": "மோரேனா",
    "மாவட்டம். மத்தியப் பிரதேசம். கார்கோன்": "கார்கோன்",
    "மாவட்டம். மத்தியப் பிரதேசம்.பர்வானி": "பார்வானி",
    "மாவட்டம். மத்தியப் பிரதேசம்.பெதுல்": "பெத்துல்",
    "மாவட்டம். மத்தியப் பிரதேசம்.விதிஷா": "விடிஷா",
    "மாவட்டம். மத்தியப் பிரதேசம். பிற பகுதி *": "பிற பகுதி *",
    "மாவட்டம். மத்தியப் பிரதேசம்.ஷியோபூர்": "ஷியோபூர்",
    "மாவட்டம். மத்தியப் பிரதேசம்.காண்ட்வா": "கண்ட்வா",
    "மாவட்டம். மத்தியப் பிரதேசம்.தார்": "தார்",
    "மாவட்டம். மத்தியப் பிரதேசம்.ஹோஷங்காபாத்": "ஹோஷங்காபாத்",
    "மாவட்டம். மத்தியப் பிரதேசம். ரைசன்": "ரைசன்",
  "மாவட்டம். மத்தியப் பிரதேசம்.தேவாஸ்": "தேவாஸ்",
    "மாவட்டம். மத்தியப் பிரதேசம்.சாகர்": "சாகர்",
    "மாவட்டம். மத்தியப் பிரதேசம்.ஷாஜாப்பூர்": "ஷாஜாப்பூர்",
    "மாவட்டம். மத்தியப் பிரதேசம்.ரத்லம்": "ரத்லம்",
    "மாவட்டம். மத்தியப் பிரதேசம்.மண்ட்சூர்": "மாண்ட்ச ur ர்",
    "மாவட்டம். மத்தியப் பிரதேசம்.திகாம்கர்": "டிக்கம்கர்",
    "மாவட்டம். பிஹார்.முங்கர்": "முங்கர்",
    "மாவட்டம். பிஹார்.பட்னா": "பாட்னா",
    "மாவட்டம். பிஹார்.சிவன்": "சிவான்",
    "மாவட்டம். பிஹார்.நாலந்தா": "நாலந்தா",
    "மாவட்டம். பிஹார்.லகிசராய்": "லகிசராய்",
    "மாவட்டம். பிஹார்.கோபல்கஞ்ச்": "கோபால்கஞ்ச்",
    "மாவட்டம். பிஹார்.கயா": "கயா",
    "மாவட்டம். பிஹார்.பெகுசராய்": "பெகுசராய்",
    "மாவட்டம். பிஹார்.சரன்": "சரண்",
    "மாவட்டம். பிஹார்.பகல்பூர்": "பாகல்பூர்",
    "மாவட்டம். பிஹார்.நவாடா": "நவாடா",
    "மாவட்டம்.மணிபூர்.இம்பால் மேற்கு": "இம்பால் மேற்கு",
    "மாவட்டம்.மணிபூர். தெரியாதது": "தெரியாதது",
    "மாவட்டம்.மிசோரம்.ஐசால்": "ஐஸ்வால்",
    "மாவட்டம்.கோவா.நார்த் கோவா": "வடக்கு கோவா",
    "District.Goa.Unknown": "தெரியவில்லை",
    "மாவட்டம். அந்தமான் மற்றும் நிக்கோபார் தீவுகள். தெற்கு அந்தமான்": "தெற்கு அந்தமான்",
    "மாவட்டம். அந்தமான் மற்றும் நிக்கோபார் தீவுகள். வடக்கு மற்றும் மத்திய அந்தமான்": "வடக்கு மற்றும் மத்திய அந்தமான்",
    "மாவட்டம்.அண்டமான் மற்றும் நிக்கோபார் தீவுகள். தெரியாதது": "தெரியாதது",
    "மாவட்டம்.ஜர்கண்ட்.ராஞ்சி": "ராஞ்சி",
    "மாவட்டம்.ஜர்கண்ட்.ஹசரிபாக்": "ஹசாரிபாக்",
    "மாவட்டம்.ஜர்கண்ட்.பொகாரோ": "பொகாரோ",
    "மாவட்டம்.ஜர்கண்ட்.கோதர்மா": "கோடர்மா",
    "மாவட்டம்.ஜர்கண்ட்.கிரிடிஹ்": "கிரிடிஹ்",
    "மாவட்டம்.ஜர்கண்ட். தெரியாதது": "தெரியாதது",
    "மாவட்டம்.அசம்.காச்சர்": "கச்சார்",
    "மாவட்டம்.அசாம்.காம்ரூப் பெருநகர": "கம்ரூப் பெருநகர",
    "மாவட்டம்.அசம்.ஜோர்ஹாட்": "ஜோர்ஹாட்",
    "மாவட்டம்.அசம்.கோல்பரா": "கோல்பாரா",
    "மாவட்டம்.அசம்.நல்பரி": "நல்பாரி",
    "மாவட்டம்": "NA",
    "மாவட்டம்.அசம்.காம்ரூப்": "கம்ரூப்",
    "மாவட்டம்.அசாம்.மொரிகான்": "மோரிகான்",
    "மாவட்டம்.அசம்.கோலகாட்": "கோலாகாட்",
    "மாவட்டம்.அசம்.லக்கிம்பூர்": "லக்கிம்பூர்",
    "மாவட்டம்.அசம்.துப்ரி": "துப்ரி",
    "மாவட்டம்.அசம்.ஹைலகண்டி": "ஹைலகண்டி",
    "மாவட்டம்.அருணாச்சல பிரதேசம்.லோகித்": "லோஹித்",
    "மாவட்டம்.தாத்ரா மற்றும் நகர் ஹவேலி. தெரியாதது": "தெரியவில்லை",
    "மாவட்டம்.திரிபுரா.கோமதி": "கோமதி",
    "மாவட்டம். திரிபுரா.நார்த் திரிபுரா": "வடக்கு திரிபுரா",
    "மாவட்டம்.நாகாலாந்து.திமாபூர்": "திமாபூர்",
    "மாவட்டம். மேகாலயா. கிழக்கு காசி மலைகள்": "கிழக்கு காசி மலைகள்"
}
