{
  "appNameOne": "Covid",
  "appNameTwo": "19",
  "language.header": "Langauge",
  "language.subheader": "Select your language",
  "dashboard.your-area": "Your area",
  "dashboard.cuntry-status-header": "Country tracker",
  "dashboard.toplist": "State tracker",
  "dashboard.top-district-list": "District Tracker",
  "confirmed": "Confirmed",
  "active": "Active",
  "recovered": "Recovered",
  "deaths": "Deaths",
  "state.Maharashtra": "Maharashtra",
  "state.Total": "Total",
  "state.Delhi": "Delhi",
  "state.Tamil Nadu": "Tamil Nadu",
  "state.Rajasthan": "Rajasthan",
  "state.Madhya Pradesh": "Madhya Pradesh",
  "state.Uttar Pradesh": "Uttar Pradesh",
  "state.Gujarat": "Gujarat",
  "state.Telangana": "Telangana",
  "state.Andhra Pradesh": "Andhra Pradesh",
  "state.Kerala": "Kerala",
  "state.Jammu and Kashmir": "Jammu and Kashmir",
  "state.Karnataka": "Karnataka",
  "state.Haryana": "Haryana",
  "state.West Bengal": "West Bengal",
  "state.Punjab": "Punjab",
  "state.Bihar": "Bihar",
  "state.Odisha": "Odisha",
  "state.Uttarakhand": "Uttarakhand",
  "state.Chhattisgarh": "Chhattisgarh",
  "state.Himachal Pradesh": "Himachal Pradesh",
  "state.Assam": "Assam",
  "state.Jharkhand": "Jharkhand",
  "state.Chandigarh": "Chandigarh",
  "state.Ladakh": "Ladakh",
  "state.Andaman and Nicobar Islands": "Andaman and Nicobar Islands",
  "state.Goa": "Goa",
  "state.Puducherry": "Puducherry",
  "state.Manipur": "Manipur",
  "state.Tripura": "Tripura",
  "state.Mizoram": "Mizoram",
  "state.Arunachal Pradesh": "Arunachal Pradesh",
  "state.Dadra and Nagar Haveli": "Dadra and Nagar Haveli",
  "state.Nagaland": "Nagaland",
  "state.Meghalaya": "Meghalaya",
  "state.Daman and Diu": "Daman and Diu",
  "state.Lakshadweep": "Lakshadweep",
  "state.Sikkim": "Sikkim",
  "dashboard.view-district": "View District",
  "district.Kerala.Thrissur": "Thrissur",
  "district.Kerala.Alappuzha": "Alappuzha",
  "district.Kerala.Kasaragod": "Kasaragod",
  "district.Kerala.Pathanamthitta": "Pathanamthitta",
  "district.Kerala.Kannur": "Kannur",
  "district.Kerala.Ernakulam": "Ernakulam",
  "district.Kerala.Kottayam": "Kottayam",
  "district.Kerala.Thiruvananthapuram": "Thiruvananthapuram",
  "district.Kerala.Idukki": "Idukki",
  "district.Kerala.Malappuram": "Malappuram",
  "district.Kerala.Kozhikode": "Kozhikode",
  "district.Kerala.Palakkad": "Palakkad",
  "district.Kerala.Wayanad": "Wayanad",
  "district.Kerala.Kollam": "Kollam",
  "district.Delhi.East Delhi": "East Delhi",
  "district.Delhi.South West Delhi": "South West Delhi",
  "district.Delhi.West Delhi": "West Delhi",
  "district.Delhi.North Delhi": "North Delhi",
  "district.Delhi.New Delhi": "New Delhi",
  "district.Delhi.South Delhi": "South Delhi",
  "district.Delhi.North East Delhi": "North East Delhi",
  "district.Delhi.North West Delhi": "North West Delhi",
  "district.Delhi.Unknown": "Unknown",
  "district.Telangana.Hyderabad": "Hyderabad",
  "district.Telangana.Karimnagar": "Karimnagar",
  "district.Telangana.Bhadradri Kothagudem": "Bhadradri Kothagudem",
  "district.Telangana.Ranga Reddy": "Ranga Reddy",
  "district.Telangana.Medchal Malkajgiri": "Medchal Malkajgiri",
  "district.Telangana.Unknown": "Unknown",
  "district.Telangana.Rajanna Sircilla": "Rajanna Sircilla",
  "district.Telangana.Khammam": "Khammam",
  "district.Telangana.Warangal Urban": "Warangal Urban",
  "district.Telangana.Vikarabad": "Vikarabad",
  "district.Telangana.Suryapet": "Suryapet",
  "district.Telangana.Siddipet": "Siddipet",
  "district.Telangana.Sangareddy": "Sangareddy",
  "district.Telangana.Nizamabad": "Nizamabad",
  "district.Telangana.Medak": "Medak",
  "district.Telangana.Mahabubnagar": "Mahabubnagar",
  "district.Telangana.Mahabubabad": "Mahabubabad",
  "district.Telangana.Adilabad": "Adilabad",
  "district.Telangana.Nirmal": "Nirmal",
  "district.Telangana.Peddapalli": "Peddapalli",
  "district.Telangana.Jagitial": "Jagitial",
  "district.Telangana.Jogulamba Gadwal": "Jogulamba Gadwal",
  "district.Telangana.Nalgonda": "Nalgonda",
  "district.Telangana.Nagarkurnool": "Nagarkurnool",
  "district.Telangana.Mulugu": "Mulugu",
  "district.Telangana.Kamareddy": "Kamareddy",
  "district.Telangana.Jayashankar": "Jayashankar",
  "district.Telangana.Jangoan": "Jangoan",
  "district.Rajasthan.Italians*": "Italians*",
  "district.Rajasthan.Jaipur": "Jaipur",
  "district.Rajasthan.Jhunjhunu": "Jhunjhunu",
  "district.Rajasthan.Bhilwara": "Bhilwara",
  "district.Rajasthan.Jodhpur": "Jodhpur",
  "district.Rajasthan.Pali": "Pali",
  "district.Rajasthan.Sikar": "Sikar",
  "district.Rajasthan.Pratapgarh": "Pratapgarh",
  "district.Rajasthan.Dungarpur": "Dungarpur",
  "district.Rajasthan.Churu": "Churu",
  "district.Rajasthan.Ajmer": "Ajmer",
  "district.Rajasthan.Evacuees": "Evacuees",
  "district.Rajasthan.Alwar": "Alwar",
  "district.Rajasthan.Tonk": "Tonk",
  "district.Rajasthan.Dhaulpur": "Dhaulpur",
  "district.Rajasthan.Udaipur": "Udaipur",
  "district.Rajasthan.Bharatpur": "Bharatpur",
  "district.Rajasthan.Bikaner": "Bikaner",
  "district.Rajasthan.Dausa": "Dausa",
  "district.Rajasthan.Banswara": "Banswara",
  "district.Rajasthan.Karauli": "Karauli",
  "district.Rajasthan.Nagaur": "Nagaur",
  "district.Rajasthan.Jaisalmer": "Jaisalmer",
  "district.Rajasthan.Kota": "Kota",
  "district.Rajasthan.Jhalawar": "Jhalawar",
  "district.Rajasthan.Barmer": "Barmer",
  "district.Rajasthan.Hanumangarh": "Hanumangarh",
  "district.Rajasthan.Evacuees*": "Evacuees*",
  "district.Haryana.Italians*": "Italians*",
  "district.Haryana.Gurugram": "Gurugram",
  "district.Haryana.Faridabad": "Faridabad",
  "district.Haryana.Panipat": "Panipat",
  "district.Haryana.Panchkula": "Panchkula",
  "district.Haryana.Sonipat": "Sonipat",
  "district.Haryana.Palwal": "Palwal",
  "district.Haryana.Ambala": "Ambala",
  "district.Haryana.Sirsa": "Sirsa",
  "district.Haryana.Hisar": "Hisar",
  "district.Haryana.Rohtak": "Rohtak",
  "district.Haryana.Nuh": "Nuh",
  "district.Haryana.Karnal": "Karnal",
  "district.Haryana.Bhiwani": "Bhiwani",
  "district.Haryana.Kaithal": "Kaithal",
  "district.Haryana.Charki Dadri": "Charki Dadri",
  "district.Haryana.Jind": "Jind",
  "district.Haryana.Fatehabad": "Fatehabad",
  "district.Haryana.Kurukshetra": "Kurukshetra",
  "district.Haryana.Yamunanagar": "Yamunanagar",
  "district.Uttar Pradesh.Agra": "Agra",
  "district.Uttar Pradesh.Ghaziabad": "Ghaziabad",
  "district.Uttar Pradesh.Lucknow": "Lucknow",
  "district.Uttar Pradesh.Gautam Buddha Nagar": "Gautam Buddha Nagar",
  "district.Uttar Pradesh.Kheri": "Kheri",
  "district.Uttar Pradesh.Moradabad": "Moradabad",
  "district.Uttar Pradesh.Varanasi": "Varanasi",
  "district.Uttar Pradesh.Kanpur Nagar": "Kanpur Nagar",
  "district.Uttar Pradesh.Pilibhit": "Pilibhit",
  "district.Uttar Pradesh.Jaunpur": "Jaunpur",
  "district.Uttar Pradesh.Baghpat": "Baghpat",
  "district.Uttar Pradesh.Shamli": "Shamli",
  "district.Uttar Pradesh.Meerut": "Meerut",
  "district.Uttar Pradesh.Bareilly": "Bareilly",
  "district.Uttar Pradesh.Bulandshahr": "Bulandshahr",
  "district.Uttar Pradesh.Basti": "Basti",
  "district.Uttar Pradesh.Hardoi": "Hardoi",
  "district.Uttar Pradesh.Shahjahanpur": "Shahjahanpur",
  "district.Uttar Pradesh.Firozabad": "Firozabad",
  "district.Uttar Pradesh.Azamgarh": "Azamgarh",
  "district.Uttar Pradesh.Saharanpur": "Saharanpur",
  "district.Uttar Pradesh.Pratapgarh": "Pratapgarh",
  "district.Uttar Pradesh.Hapur": "Hapur",
  "district.Uttar Pradesh.Ghazipur": "Ghazipur",
  "district.Uttar Pradesh.Banda": "Banda",
  "district.Uttar Pradesh.Mahrajganj": "Mahrajganj",
  "district.Uttar Pradesh.Hathras": "Hathras",
  "district.Uttar Pradesh.Mirzapur": "Mirzapur",
  "district.Uttar Pradesh.Rae Bareli": "Rae Bareli",
  "district.Uttar Pradesh.Bara Banki": "Bara Banki",
  "district.Uttar Pradesh.Auraiya": "Auraiya",
  "district.Uttar Pradesh.Mathura": "Mathura",
  "district.Uttar Pradesh.Budaun": "Budaun",
  "district.Uttar Pradesh.Kaushambi": "Kaushambi",
  "district.Uttar Pradesh.Bijnor": "Bijnor",
  "district.Uttar Pradesh.Prayagraj": "Prayagraj",
  "district.Uttar Pradesh.Sitapur": "Sitapur",
  "district.Uttar Pradesh.Muzaffarnagar": "Muzaffarnagar",
  "district.Uttar Pradesh.Amroha": "Amroha",
  "district.Uttar Pradesh.Rampur": "Rampur",
  "district.Uttar Pradesh.Bhadohi": "Bhadohi",
  "district.Uttar Pradesh.Kasganj": "Kasganj",
  "district.Uttar Pradesh.Etawah": "Etawah",
  "district.Uttar Pradesh.Bijapur": "Bijapur",
  "district.Uttar Pradesh.Sambhal": "Sambhal",
  "district.Ladakh.Leh": "Leh",
  "district.Ladakh.Kargil": "Kargil",
  "district.Tamil Nadu.Kancheepuram": "Kancheepuram",
  "district.Tamil Nadu.Chennai": "Chennai",
  "district.Tamil Nadu.Erode": "Erode",
  "district.Tamil Nadu.Coimbatore": "Coimbatore",
  "district.Tamil Nadu.Tirunelveli": "Tirunelveli",
  "district.Tamil Nadu.Tiruppur": "Tiruppur",
  "district.Tamil Nadu.Madurai": "Madurai",
  "district.Tamil Nadu.Chengalpattu": "Chengalpattu",
  "district.Tamil Nadu.Salem": "Salem",
  "district.Tamil Nadu.Ranipet": "Ranipet",
  "district.Tamil Nadu.Thanjavur": "Thanjavur",
  "district.Tamil Nadu.Vellore": "Vellore",
  "district.Tamil Nadu.Virudhunagar": "Virudhunagar",
  "district.Tamil Nadu.Karur": "Karur",
  "district.Tamil Nadu.Tiruvannamalai": "Tiruvannamalai",
  "district.Tamil Nadu.Viluppuram": "Viluppuram",
  "district.Tamil Nadu.Namakkal": "Namakkal",
  "district.Tamil Nadu.Kanniyakumari": "Kanniyakumari",
  "district.Tamil Nadu.Thoothukkudi": "Thoothukkudi",
  "district.Tamil Nadu.Theni": "Theni",
  "district.Tamil Nadu.Dindigul": "Dindigul",
  "district.Tamil Nadu.Sivaganga": "Sivaganga",
  "district.Tamil Nadu.Tirupathur": "Tirupathur",
  "district.Tamil Nadu.Thiruvarur": "Thiruvarur",
  "district.Tamil Nadu.Ramanathapuram": "Ramanathapuram",
  "district.Tamil Nadu.Thiruvallur": "Thiruvallur",
  "district.Tamil Nadu.Nagapattinam": "Nagapattinam",
  "district.Tamil Nadu.Cuddalore": "Cuddalore",
  "district.Tamil Nadu.Kallakurichi": "Kallakurichi",
  "district.Tamil Nadu.Perambalur": "Perambalur",
  "district.Tamil Nadu.Tiruchirappalli": "Tiruchirappalli",
  "district.Tamil Nadu.The Nilgiris": "The Nilgiris",
  "district.Tamil Nadu.Ariyalur": "Ariyalur",
  "district.Tamil Nadu.Tenkasi": "Tenkasi",
  "district.Jammu and Kashmir.Jammu": "Jammu",
  "district.Jammu and Kashmir.Srinagar": "Srinagar",
  "district.Jammu and Kashmir.Bandipore": "Bandipore",
  "district.Jammu and Kashmir.Rajouri": "Rajouri",
  "district.Jammu and Kashmir.Badgam": "Badgam",
  "district.Jammu and Kashmir.Baramula": "Baramula",
  "district.Jammu and Kashmir.Shupiyan": "Shupiyan",
  "district.Jammu and Kashmir.Udhampur": "Udhampur",
  "district.Jammu and Kashmir.Pulwama": "Pulwama",
  "district.Jammu and Kashmir.Kupwara": "Kupwara",
  "district.Jammu and Kashmir.Ganderbal": "Ganderbal",
  "district.Jammu and Kashmir.Kulgam": "Kulgam",
  "district.Jammu and Kashmir.Kishtwar": "Kishtwar",
  "district.Jammu and Kashmir.Samba": "Samba",
  "district.Jammu and Kashmir.Budaun": "Budaun",
  "district.Karnataka.Bengaluru": "Bengaluru",
  "district.Karnataka.Kalaburagi": "Kalaburagi",
  "district.Karnataka.Kodagu": "Kodagu",
  "district.Karnataka.Mysuru": "Mysuru",
  "district.Karnataka.Dharwad": "Dharwad",
  "district.Karnataka.Uttara Kannada": "Uttara Kannada",
  "district.Karnataka.Dakshina Kannada": "Dakshina Kannada",
  "district.Karnataka.Chikkaballapura": "Chikkaballapura",
  "district.Karnataka.Udupi": "Udupi",
  "district.Karnataka.Davanagere": "Davanagere",
  "district.Karnataka.Tumakuru": "Tumakuru",
  "district.Karnataka.Ballari": "Ballari",
  "district.Karnataka.Bidar": "Bidar",
  "district.Karnataka.Bagalkote": "Bagalkote",
  "district.Karnataka.Belagavi": "Belagavi",
  "district.Karnataka.Bengaluru Rural": "Bengaluru Rural",
  "district.Karnataka.Gadag": "Gadag",
  "district.Karnataka.Mandya": "Mandya",
  "district.Karnataka.Vijayapura": "Vijayapura",
  "district.Maharashtra.Pune": "Pune",
  "district.Maharashtra.Mumbai": "Mumbai",
  "district.Maharashtra.Nagpur": "Nagpur",
  "district.Maharashtra.Ahmadnagar": "Ahmadnagar",
  "district.Maharashtra.Thane": "Thane",
  "district.Maharashtra.Raigarh": "Raigarh",
  "district.Maharashtra.Yavatmal": "Yavatmal",
  "district.Maharashtra.Aurangabad": "Aurangabad",
  "district.Maharashtra.Ratnagiri": "Ratnagiri",
  "district.Maharashtra.Palghar": "Palghar",
  "district.Maharashtra.Sangli": "Sangli",
  "district.Maharashtra.Satara": "Satara",
  "district.Maharashtra.Sindhudurg": "Sindhudurg",
  "district.Maharashtra.Gondiya": "Gondiya",
  "district.Maharashtra.Kolhapur": "Kolhapur",
  "district.Maharashtra.Other States*": "Other States*",
  "district.Maharashtra.Jalgaon": "Jalgaon",
  "district.Maharashtra.Buldana": "Buldana",
  "district.Maharashtra.Nashik": "Nashik",
  "district.Maharashtra.Osmanabad": "Osmanabad",
  "district.Maharashtra.Washim": "Washim",
  "district.Maharashtra.Hingoli": "Hingoli",
  "district.Maharashtra.Amravati": "Amravati",
  "district.Maharashtra.Latur": "Latur",
  "district.Maharashtra.Jalna": "Jalna",
  "district.Maharashtra.Akola": "Akola",
  "district.Maharashtra.Bid": "Bid",
  "district.Maharashtra.Dhule": "Dhule",
  "district.Maharashtra.Solapur": "Solapur",
  "district.Punjab.Amritsar": "Amritsar",
  "district.Punjab.Shahid Bhagat Singh Nagar": "Shahid Bhagat Singh Nagar",
  "district.Punjab.S.A.S. Nagar": "S.A.S. Nagar",
  "district.Punjab.Hoshiarpur": "Hoshiarpur",
  "district.Punjab.Jalandhar": "Jalandhar",
  "district.Punjab.Ludhiana": "Ludhiana",
  "district.Punjab.Patiala": "Patiala",
  "district.Punjab.Rupnagar": "Rupnagar",
  "district.Punjab.Mansa": "Mansa",
  "district.Punjab.Pathankot": "Pathankot",
  "district.Punjab.Faridkot": "Faridkot",
  "district.Punjab.Barnala": "Barnala",
  "district.Punjab.Fatehgarh Sahib": "Fatehgarh Sahib",
  "district.Punjab.Kapurthala": "Kapurthala",
  "district.Punjab.Moga": "Moga",
  "district.Punjab.Sri Muktsar Sahib": "Sri Muktsar Sahib",
  "district.Punjab.Sangrur": "Sangrur",
  "district.Punjab.Gurdaspur": "Gurdaspur",
  "district.Andhra Pradesh.S.P.S. Nellore": "S.P.S. Nellore",
  "district.Andhra Pradesh.Prakasam": "Prakasam",
  "district.Andhra Pradesh.Visakhapatnam": "Visakhapatnam",
  "district.Andhra Pradesh.East Godavari": "East Godavari",
  "district.Andhra Pradesh.Krishna": "Krishna",
  "district.Andhra Pradesh.Chittoor": "Chittoor",
  "district.Andhra Pradesh.Guntur": "Guntur",
  "district.Andhra Pradesh.Kurnool": "Kurnool",
  "district.Andhra Pradesh.Anantapur": "Anantapur",
  "district.Andhra Pradesh.West Godavari": "West Godavari",
  "district.Andhra Pradesh.Y.S.R.": "Y.S.R.",
  "district.Uttarakhand.Dehradun": "Dehradun",
  "district.Uttarakhand.Pauri Garhwal": "Pauri Garhwal",
  "district.Uttarakhand.Udham Singh Nagar": "Udham Singh Nagar",
  "district.Uttarakhand.Nainital": "Nainital",
  "district.Uttarakhand.Haridwar": "Haridwar",
  "district.Uttarakhand.Almora": "Almora",
  "district.Uttarakhand.Unknown": "Unknown",
  "district.Odisha.Khordha": "Khordha",
  "district.Odisha.Bhadrak": "Bhadrak",
  "district.Odisha.Cuttack": "Cuttack",
  "district.Odisha.Puri": "Puri",
  "district.Odisha.Jajapur": "Jajapur",
  "district.Odisha.Kalahandi": "Kalahandi",
  "district.Odisha.Kendrapara": "Kendrapara",
  "district.Odisha.Dhenkanal": "Dhenkanal",
  "district.Odisha.Sundargarh": "Sundargarh",
  "district.Puducherry.Mahe": "Mahe",
  "district.Puducherry.Puducherry": "Puducherry",
  "district.West Bengal.Kolkata": "Kolkata",
  "district.West Bengal.North 24 Parganas": "North 24 Parganas",
  "district.West Bengal.Nadia": "Nadia",
  "district.West Bengal.Medinipur East": "Medinipur East",
  "district.West Bengal.Kalimpong": "Kalimpong",
  "district.West Bengal.Hooghly": "Hooghly",
  "district.West Bengal.Howrah": "Howrah",
  "district.West Bengal.South 24 Parganas": "South 24 Parganas",
  "district.West Bengal.Unknown": "Unknown",
  "district.Chandigarh.Chandigarh": "Chandigarh",
  "district.Chhattisgarh.Raipur": "Raipur",
  "district.Chhattisgarh.Rajnandgaon": "Rajnandgaon",
  "district.Chhattisgarh.Bilaspur": "Bilaspur",
  "district.Chhattisgarh.Durg": "Durg",
  "district.Chhattisgarh.Korba": "Korba",
  "district.Gujarat.Rajkot": "Rajkot",
  "district.Gujarat.Surat": "Surat",
  "district.Gujarat.Ahmadabad": "Ahmadabad",
  "district.Gujarat.Vadodara": "Vadodara",
  "district.Gujarat.Gandhinagar": "Gandhinagar",
  "district.Gujarat.Kachchh": "Kachchh",
  "district.Gujarat.Mahesana": "Mahesana",
  "district.Gujarat.Bhavnagar": "Bhavnagar",
  "district.Gujarat.Porbandar": "Porbandar",
  "district.Gujarat.Gir Somnath": "Gir Somnath",
  "district.Gujarat.Panch Mahals": "Panch Mahals",
  "district.Gujarat.Patan": "Patan",
  "district.Gujarat.Chota Udaipur": "Chota Udaipur",
  "district.Gujarat.Jamnagar": "Jamnagar",
  "district.Gujarat.Morbi": "Morbi",
  "district.Gujarat.Anand": "Anand",
  "district.Gujarat.Sabar Kantha": "Sabar Kantha",
  "district.Gujarat.Dahod": "Dahod",
  "district.Gujarat.Bharuch": "Bharuch",
  "district.Gujarat.Banas Kantha": "Banas Kantha",
  "district.Himachal Pradesh.Kangra": "Kangra",
  "district.Himachal Pradesh.Una": "Una",
  "district.Himachal Pradesh.Solan": "Solan",
  "district.Himachal Pradesh.Chamba": "Chamba",
  "district.Himachal Pradesh.Sirmaur": "Sirmaur",
  "district.Madhya Pradesh.Jabalpur": "Jabalpur",
  "district.Madhya Pradesh.Bhopal": "Bhopal",
  "district.Madhya Pradesh.Indore": "Indore",
  "district.Madhya Pradesh.Ujjain": "Ujjain",
  "district.Madhya Pradesh.Gwalior": "Gwalior",
  "district.Madhya Pradesh.Shivpuri": "Shivpuri",
  "district.Madhya Pradesh.Chhindwara": "Chhindwara",
  "district.Madhya Pradesh.Morena": "Morena",
  "district.Madhya Pradesh.Khargone": "Khargone",
  "district.Madhya Pradesh.Barwani": "Barwani",
  "district.Madhya Pradesh.Betul": "Betul",
  "district.Madhya Pradesh.Vidisha": "Vidisha",
  "district.Madhya Pradesh.Other Region*": "Other Region*",
  "district.Madhya Pradesh.Sheopur": "Sheopur",
  "district.Madhya Pradesh.Khandwa": "Khandwa",
  "district.Madhya Pradesh.Dhar": "Dhar",
  "district.Madhya Pradesh.Hoshangabad": "Hoshangabad",
  "district.Madhya Pradesh.Raisen": "Raisen",
  "district.Madhya Pradesh.Dewas": "Dewas",
  "district.Madhya Pradesh.Sagar": "Sagar",
  "district.Madhya Pradesh.Shajapur": "Shajapur",
  "district.Madhya Pradesh.Ratlam": "Ratlam",
  "district.Madhya Pradesh.Mandsaur": "Mandsaur",
  "district.Madhya Pradesh.Tikamgarh": "Tikamgarh",
  "district.Bihar.Munger": "Munger",
  "district.Bihar.Patna": "Patna",
  "district.Bihar.Siwan": "Siwan",
  "district.Bihar.Nalanda": "Nalanda",
  "district.Bihar.Lakhisarai": "Lakhisarai",
  "district.Bihar.Gopalganj": "Gopalganj",
  "district.Bihar.Gaya": "Gaya",
  "district.Bihar.Begusarai": "Begusarai",
  "district.Bihar.Saran": "Saran",
  "district.Bihar.Bhagalpur": "Bhagalpur",
  "district.Bihar.Nawada": "Nawada",
  "district.Manipur.Imphal West": "Imphal West",
  "district.Manipur.Unknown": "Unknown",
  "district.Mizoram.Aizawl": "Aizawl",
  "district.Goa.North Goa": "North Goa",
  "district.Goa.Unknown": "Unknown",
  "district.Andaman and Nicobar Islands.South Andaman": "South Andaman",
  "district.Andaman and Nicobar Islands.North and Middle Andaman": "North and Middle Andaman",
  "district.Andaman and Nicobar Islands.Unknown": "Unknown",
  "district.Jharkhand.Ranchi": "Ranchi",
  "district.Jharkhand.Hazaribagh": "Hazaribagh",
  "district.Jharkhand.Bokaro": "Bokaro",
  "district.Jharkhand.Kodarma": "Kodarma",
  "district.Jharkhand.Giridih": "Giridih",
  "district.Jharkhand.Unknown": "Unknown",
  "district.Assam.Cachar": "Cachar",
  "district.Assam.Kamrup Metropolitan": "Kamrup Metropolitan",
  "district.Assam.Jorhat": "Jorhat",
  "district.Assam.Goalpara": "Goalpara",
  "district.Assam.Nalbari": "Nalbari",
  "district.Assam.South Salmara Mancachar": "South Salmara Mancachar",
  "district.Assam.Kamrup": "Kamrup",
  "district.Assam.Morigaon": "Morigaon",
  "district.Assam.Golaghat": "Golaghat",
  "district.Assam.Lakhimpur": "Lakhimpur",
  "district.Assam.Dhubri": "Dhubri",
  "district.Assam.Hailakandi": "Hailakandi",
  "district.Arunachal Pradesh.Lohit": "Lohit",
  "district.Dadra and Nagar Haveli.Unknown": "Unknown",
  "district.Tripura.Gomati": "Gomati",
  "district.Tripura.North Tripura": "North Tripura",
  "district.Nagaland.Dimapur": "Dimapur",
  "district.Meghalaya.East Khasi Hills": "East Khasi Hills",

  "district.Maharashtra.Unknown":"Unknown",
  "district.Madhya Pradesh.Unknown":"Unknown",
  "district.Madhya Pradesh.Satna":"Satna",
  "district.Uttar Pradesh.Unknown":"Unknown",
  "district.Gujarat.Narmada":"Narmada",
  "district.Gujarat.Botad":"Botad",
  "district.Gujarat.Kheda":"Kheda",
  "district.Telangana.Kumuram Bheem Asifabad":"Kumuram Bheem Asifabad",
  "district.Himachal Pradesh.Unknown":"Unknown"
}
