{
  "appNameOne": "ಕೋವಿಡ್",
  "appNameTwo": "19",
  "language.header": "ಲ್ಯಾಂಗೇಜ್",
  "language.subheader": "ನಿಮ್ಮ ಭಾಷೆಯನ್ನು ಆರಿಸಿ",
  "dashboard.your-area": "ನಿಮ್ಮ ಪ್ರದೇಶ",
  "dashboard.cuntry-status-header": "ಕಂಟ್ರಿ ಟ್ರ್ಯಾಕರ್",
  "dashboard.toplist": "ರಾಜ್ಯಗಳ ಟ್ರ್ಯಾಕರ್",
  "dashboard.top-district-list": "ಜಿಲ್ಲಾ ಟ್ರ್ಯಾಕರ್",
  "confirmed": "ಸೋಂಕಿತರು",
  "active": "ಸಕ್ರಿಯ",
  "recovered": "ಚೇತರಿಸಿಕೊಂಡವರು",
  "deaths": "ಸಾವುಗಳು",
  "state.Maharashtra": "ಮಹಾರಾಷ್ಟ್ರ",
  "state.Total": "ಒಟ್ಟು",
  "state.Delhi": "ದೆಹಲಿ",
  "state.Tamil Nadu": "ತಮಿಳುನಾಡು",
  "state.Rajasthan": "ರಾಜಸ್ಥಾನ",
  "state.Madhya Pradesh": "ಮಧ್ಯಪ್ರದೇಶ",
  "state.Uttar Pradesh": "ಉತ್ತರ ಪ್ರದೇಶ",
  "state.Gujarat": "ಗುಜರಾತ್",
  "state.Telangana": "ತೆಲಂಗಾಣ",
  "state.Andhra Pradesh": "ಆಂಧ್ರಪ್ರದೇಶ",
  "state.Kerala": "ಕೇರಳ",
  "state.Jammu and Kashmir": "ಜಮ್ಮು ಮತ್ತು ಕಾಶ್ಮೀರ",
  "state.Karnataka": "ಕರ್ನಾಟಕ",
  "state.Haryana": "ಹರಿಯಾಣ",
  "state.West Bengal": "ಪಶ್ಚಿಮ ಬಂಗಾಳ",
  "state.Punjab": "ಪಂಜಾಬ್",
  "state.Bihar": "ಬಿಹಾರ",
  "state.Odisha": "ಒಡಿಶಾ",
  "state.Uttarakhand": "ಉತ್ತರಾಖಂಡ್",
  "state.Chhattisgarh": "ಛತ್ತೀಸ್ಘಡ್",
  "state.Himachal Pradesh": "ಹಿಮಾಚಲ ಪ್ರದೇಶ",
  "state.Assam": "ಅಸ್ಸಾಂ",
  "state.Jharkhand": "ಜಾರ್ಖಂಡ್",
  "state.Chandigarh": "ಚಂಡೀಗಡ",
  "state.Ladakh": "ಲಡಾಖ್",
  "state.Andaman and Nicobar Islands": "ಅಂಡಮಾನ್ ಮತ್ತು ನಿಕೋಬಾರ್ ದ್ವೀಪಗಳು",
  "state.Goa": "ಗೋವಾ",
  "state.Puducherry": "ಪುದುಚೇರಿ",
  "state.Manipur": "ಮಣಿಪುರ",
  "state.Tripura": "ತ್ರಿಪುರ",
  "state.Mizoram": "ಮಿಜೋರಾಂ",
  "state.Arunachal Pradesh": "ಅರುಣಾಚಲ ಪ್ರದೇಶ",
  "state.Dadra and Nagar Haveli": "ದಾದ್ರಾ ಮತ್ತು ನಗರ ಹವೇಲಿ",
  "state.Nagaland": "ನಾಗಾಲ್ಯಾಂಡ್",
  "state.Meghalaya": "ಮೇಘಾಲಯ",
  "state.Daman and Diu": "ದಮನ್ ಮತ್ತು ಡಿಯು",
  "state.Lakshadweep": "ಲಕ್ಷದ್ವೀಪ",
  "state.Sikkim": "ಸಿಕ್ಕಿಂ",
  "dashboard.view-district": "ಜಿಲ್ಲೆಯನ್ನು ವೀಕ್ಷಿಸಿ",
  "district.Kerala.Thrissur": "ತ್ರಿಶೂರ್",
  "district.Kerala.Alappuzha": "ಆಲಪ್ಪುಳ",
  "district.Kerala.Kasaragod": "ಕಾಸರಗೋಡು",
  "district.Kerala.Pathanamthitta": "ಪಥನಮತ್ತಟ್ಟ",
  "district.Kerala.Kannur": "ಕಣ್ಣೂರು",
  "district.Kerala.Ernakulam": "ಎರ್ನಾಕುಲಂ",
  "district.Kerala.Kottayam": "ಕೊಟ್ಟಾಯಂ",
  "district.Kerala.Thiruvananthapuram": "ತಿರುವನಂತಪುರಂ",
  "district.Kerala.Idukki": "ಇಡುಕ್ಕಿ",
  "district.Kerala.Malappuram": "ಮಲಪ್ಪುರಂ",
  "district.Kerala.Kozhikode": "ಕೋಕೋಡ್NA",
  "district.Kerala.Palakkad": "ಪಾಲಕ್ಕಾಡ್",
  "district.Kerala.Wayanad": "ವಯನಾಡ್",
  "district.Kerala.Kollam": "ಕೊಲ್ಲಂ",
  "district.Delhi.East Delhi": "ಪೂರ್ವ ದೆಹಲಿ",
  "district.Delhi.South West Delhi": "ನೈರುತ್ಯ ದೆಹಲಿ",
  "district.Delhi.West Delhi": "ಪಶ್ಚಿಮ ದೆಹಲಿ",
  "district.Delhi.North Delhi": "ಉತ್ತರ ದೆಹಲಿ",
  "district.Delhi.New Delhi": "ನವದೆಹಲಿ",
  "district.Delhi.South Delhi": "ದಕ್ಷಿಣ ದೆಹಲಿ",
  "district.Delhi.North East Delhi": "ಈಶಾನ್ಯ ದೆಹಲಿ",
  "district.Delhi.North West Delhi": "ವಾಯುವ್ಯ ದೆಹಲಿ",
  "district.Delhi.Unknown": "ಅಜ್ಞಾತ",
  "district.Telangana.Hyderabad": "ಹೈದರಾಬಾದ್",
  "district.Telangana.Karimnagar": "ಕರೀಂನಗರ",
  "district.Telangana.Bhadradri Kothagudem": "ಭದ್ರಾಡ್ರಿ ಕೊಥಗುಡೆಮ್",
  "district.Telangana.Ranga Reddy": "ರಂಗ ರೆಡ್ಡಿ",
  "district.Telangana.Medchal Malkajgiri": "ಮೇಡ್ಚಲ್ ಮಲ್ಕಜ್ಗಿರಿ",
  "district.Telangana.Unknown": "ಅಜ್ಞಾತ",
  "district.Telangana.Rajanna Sircilla": "ರಾಜಣ್ಣ ಸಿರ್ಸಿಲ್ಲಾ",
  "district.Telangana.Khammam": "ಖಮ್ಮಮ್",
  "district.Telangana.Warangal Urban": "ವಾರಂಗಲ್ ನಗರ",
  "district.Telangana.Vikarabad": "ವಿಕರಾಬಾದ್",
  "district.Telangana.Suryapet": "ಸೂರ್ಯಪೇಟೆ",
  "district.Telangana.Siddipet": "ಸಿದ್ದಿಪೇಟೆ",
  "district.Telangana.Sangareddy": "ಸಂಗರೆಡ್ಡಿ",
  "district.Telangana.Nizamabad": "ನಿಜಾಮಾಬಾದ್",
  "district.Telangana.Medak": "ಮೆಡಕ್",
  "district.Telangana.Mahabubnagar": "ಮಹಾಬುಬ್‌ನಗರ",
  "district.Telangana.Mahabubabad": "ಮಹಾಬೂಬಾದ್",
  "district.Telangana.Adilabad": "ಆದಿಲಾಬಾದ್",
  "district.Telangana.Nirmal": "ನಿರ್ಮಲ್",
  "district.Telangana.Peddapalli": "ಪೆದ್ದಪಲ್ಲಿ",
  "district.Telangana.Jagitial": "ಜಗಿಟಿಯಲ್",
  "district.Telangana.Jogulamba Gadwal": "ಜೋಗುಲಂಬಾ ಗಡ್ವಾಲ್",
  "district.Telangana.Nalgonda": "ನಲ್ಗೊಂಡ",
  "district.Telangana.Nagarkurnool": "ನಾಗಾರ್ಕರ್ನೂಲ್",
  "district.Telangana.Mulugu": "ಮುಲುಗು",
  "district.Telangana.Kamareddy": "ಕಾಮರೆಡ್ಡಿ",
  "district.Telangana.Jayashankar": "ಜಯಶಂಕರ್",
  "district.Telangana.Jangoan": "ಜಂಗೋವಾನ್",
  "district.Rajasthan.Italians*": "ಇಟಾಲಿಯನ್ನರು *",
  "district.Rajasthan.Jaipur": "ಜೈಪುರ",
  "district.Rajasthan.Jhunjhunu": "ಜುಂಜುನು",
  "district.Rajasthan.Bhilwara": "ಭಿಲ್ವಾರ",
  "district.Rajasthan.Jodhpur": "ಜೋಧಪುರ್",
  "district.Rajasthan.Pali": "ಪಾಲಿ",
  "district.Rajasthan.Sikar": "ಸಿಕಾರ್",
  "district.Rajasthan.Pratapgarh": "ಪ್ರತಾಪಗ h",
  "district.Rajasthan.Dungarpur": "ಡುಂಗರಪುರ",
  "district.Rajasthan.Churu": "ಚುರು",
  "district.Rajasthan.Ajmer": "ಅಜ್ಮೀರ್",
  "district.Rajasthan.Evacuees": "ಇವಾಕ್ಯೂಸ್",
  "district.Rajasthan.Alwar": "ಅಲ್ವಾರ್",
  "district.Rajasthan.Tonk": "ಟೋಂಕ್",
  "district.Rajasthan.Dhaulpur": "ಧೌಲ್ಪುರ್",
  "district.Rajasthan.Udaipur": "ಉದಯಪುರ",
  "district.Rajasthan.Bharatpur": "ಭರತ್‌ಪುರ",
  "district.Rajasthan.Bikaner": "ಬಿಕಾನೆರ್",
  "district.Rajasthan.Dausa": "ದೌಸಾ",
  "district.Rajasthan.Banswara": "ಬನ್ಸ್ವಾರ",
  "district.Rajasthan.Karauli": "ಕರೌಲಿ",
  "district.Rajasthan.Nagaur": "ನಾಗೌರ್",
  "district.Rajasthan.Jaisalmer": "ಜೈಸಲ್ಮೇರ್",
  "district.Rajasthan.Kota": "ಕೋಟಾ",
  "district.Rajasthan.Jhalawar": "hala ಲಾವರ್",
  "district.Rajasthan.Barmer": "ಬಾರ್ಮರ್",
  "district.Rajasthan.Hanumangarh": "ಹನುಮನ್‌ಗರ್",
  "district.Rajasthan.Evacuees*": "ಸ್ಥಳಾಂತರಿಸುವವರು *",
  "district.Haryana.Italians*": "ಇಟಾಲಿಯನ್ನರು *",
  "district.Haryana.Gurugram": "ಗುರುಗ್ರಾಮ್",
  "district.Haryana.Faridabad": "ಫರಿದಾಬಾದ್",
  "district.Haryana.Panipat": "ಪಾಣಿಪತ್",
  "district.Haryana.Panchkula": "ಪಂಚಕುಲ",
  "district.Haryana.Sonipat": "ಸೋನಿಪತ್",
  "district.Haryana.Palwal": "ಪಾಲ್ವಾಲ್",
  "district.Haryana.Ambala": "ಅಂಬಾಲಾ",
  "district.Haryana.Sirsa": "ಸಿರ್ಸಾ",
  "district.Haryana.Hisar": "ಹಿಸಾರ್",
  "district.Haryana.Rohtak": "ರೋಹ್ಟಕ್",
  "district.Haryana.Nuh": "ನುಹ್",
  "district.Haryana.Karnal": "ಕರ್ನಾಲ್",
  "district.Haryana.Bhiwani": "ಭಿವಾನಿ",
  "district.Haryana.Kaithal": "ಕೈತಾಲ್",
  "district.Haryana.Charki Dadri": "ಚಾರ್ಕಿ ದಾದ್ರಿ",
  "district.Haryana.Jind": "ಜಿಂದ್",
  "district.Haryana.Fatehabad": "ಫತೇಹಾಬಾದ್",
  "district.Haryana.Kurukshetra": "ಕುರುಕ್ಷೇತ್ರ",
  "district.Haryana.Yamunanagar": "ಯಮುನನಗರ",
  "district.Uttar Pradesh.Agra": "ಆಗ್ರಾ",
  "district.Uttar Pradesh.Ghaziabad": "ಗಾಜಿಯಾಬಾದ್",
  "district.Uttar Pradesh.Lucknow": "ಲಕ್ನೋ",
  "district.Uttar Pradesh.Gautam Buddha Nagar": "ಗೌತಮ್ ಬುದ್ಧ ನಗರ",
  "district.Uttar Pradesh.Kheri": "ಖೇರಿ",
  "district.Uttar Pradesh.Moradabad": "ಮೊರಾದಾಬಾದ್",
  "district.Uttar Pradesh.Varanasi": "ವಾರಣಾಸಿ",
  "district.Uttar Pradesh.Kanpur Nagar": "ಕಾನ್ಪುರ ನಗರ",
  "district.Uttar Pradesh.Pilibhit": "ಪಿಲಿಭಿತ್",
  "district.Uttar Pradesh.Jaunpur": "ಜಾನ್‌ಪುರ",
  "district.Uttar Pradesh.Baghpat": "ಬಾಗಪತ್",
  "district.Uttar Pradesh.Shamli": "ಶಾಮ್ಲಿ",
  "district.Uttar Pradesh.Meerut": "ಮೀರತ್",
  "district.Uttar Pradesh.Bareilly": "ಬರೇಲಿ",
  "district.Uttar Pradesh.Bulandshahr": "ಬುಲಂದ್‌ಶಹರ್",
  "district.Uttar Pradesh.Basti": "ಬಸ್ತಿ",
  "district.Uttar Pradesh.Hardoi": "ಹಾರ್ಡೊಯ್",
  "district.Uttar Pradesh.Shahjahanpur": "ಶಹಜಹಾನ್ಪುರ್",
  "district.Uttar Pradesh.Firozabad": "ಫಿರೋಜಾಬಾದ್",
  "district.Uttar Pradesh.Azamgarh": "ಅಜಮ್‌ಗರ",
  "district.Uttar Pradesh.Saharanpur": "ಸಹರಾನ್ಪುರ್",
  "district.Uttar Pradesh.Pratapgarh": "ಪ್ರತಾಪಗರ್",
  "district.Uttar Pradesh.Hapur": "ಹಾಪುರ",
  "district.Uttar Pradesh.Ghazipur": "ಗಾಜಿಪುರ",
  "district.Uttar Pradesh.Banda": "ಬಂಡಾ",
  "district.Uttar Pradesh.Mahrajganj": "ಮಹ್ರಾಜ್‌ಗಂಜ್",
  "district.Uttar Pradesh.Hathras": "ಹತ್ರಾಸ್",
  "district.Uttar Pradesh.Mirzapur": "ಮಿರ್ಜಾಪುರ",
  "district.Uttar Pradesh.Rae Bareli": "ರೇ ಬರೇಲಿ",
  "district.Uttar Pradesh.Bara Banki": "ಬಾರಾ ಬಂಕಿ",
  "district.Uttar Pradesh.Auraiya": "ura ರಯ್ಯ",
  "district.Uttar Pradesh.Mathura": "ಮಥುರಾ",
  "district.Uttar Pradesh.Budaun": "ಬುಡಾನ್",
  "district.Uttar Pradesh.Kaushambi": "ಕೌಶಂಬಿ",
  "district.Uttar Pradesh.Bijnor": "ಬಿಜ್ನೋರ್",
  "district.Uttar Pradesh.Prayagraj": "ಪ್ರಯಾಗರಾಜ್",
  "district.Uttar Pradesh.Sitapur": "ಸೀತಾಪುರ",
  "district.Uttar Pradesh.Muzaffarnagar": "ಮುಜಫರ್ನಗರ",
  "district.Uttar Pradesh.Amroha": "ಅಮ್ರೋಹಾ",
  "district.Uttar Pradesh.Rampur": "ರಾಂಪುರ್",
  "district.Uttar Pradesh.Bhadohi": "ಭಾದೋಹಿ",
  "district.Uttar Pradesh.Kasganj": "ಕಾಸ್ಗಂಜ್",
  "district.Uttar Pradesh.Etawah": "ಇಟಾವಾ",
  "district.Uttar Pradesh.Bijapur": "ಬಿಜಾಪುರ",
  "district.Uttar Pradesh.Sambhal": "ಸಂಭಾಲ್",
  "district.Ladakh.Leh": "ಲೇಹ್",
  "district.Ladakh.Kargil": "ಕಾರ್ಗಿಲ್",
  "district.Tamil Nadu.Kancheepuram": "ಕಾಂಚೀಪುರಂ",
  "district.Tamil Nadu.Chennai": "ಚೆನ್ನೈ",
  "district.Tamil Nadu.Erode": "ಈರೋಡ್",
  "district.Tamil Nadu.Coimbatore": "ಕೊಯಮತ್ತೂರು",
  "district.Tamil Nadu.Tirunelveli": "ತಿರುನೆಲ್ವೇಲಿ",
  "district.Tamil Nadu.Tiruppur": "ತಿರುಪ್ಪೂರ್",
  "district.Tamil Nadu.Madurai": "ಮಧುರೈ",
  "district.Tamil Nadu.Chengalpattu": "ಚೆಂಗಲ್ಪಟ್ಟು",
  "district.Tamil Nadu.Salem": "ಸೇಲಂ",
  "district.Tamil Nadu.Ranipet": "ರಾಣಿಪೇಟೆ",
  "district.Tamil Nadu.Thanjavur": "ತಂಜಾವೂರು",
  "district.Tamil Nadu.Vellore": "ವೆಲ್ಲೂರು",
  "district.Tamil Nadu.Virudhunagar": "ವಿರುಧುನಗರ",
  "district.Tamil Nadu.Karur": "ಕರುರು",
  "district.Tamil Nadu.Tiruvannamalai": "ತಿರುವಣ್ಣಾಮಲೈ",
  "district.Tamil Nadu.Viluppuram": "ವಿಲುಪ್ಪುರಂ",
  "district.Tamil Nadu.Namakkal": "ನಮಕ್ಕಲ್",
  "district.Tamil Nadu.Kanniyakumari": "ಕನ್ನಿಯಕುಮಾರಿ",
  "district.Tamil Nadu.Thoothukkudi": "ತೂತ್ತುಕ್ಕುಡಿ",
  "district.Tamil Nadu.Theni": "ಥೇನಿ",
  "district.Tamil Nadu.Dindigul": "ದಿಂಡಿಗಲ್",
  "district.Tamil Nadu.Sivaganga": "ಶಿವಗಂಗ",
  "district.Tamil Nadu.Tirupathur": "ತಿರುಪಥೂರ್",
  "district.Tamil Nadu.Thiruvarur": "ತಿರುವರೂರು",
  "district.Tamil Nadu.Ramanathapuram": "ರಾಮನಾಥಪುರಂ",
  "district.Tamil Nadu.Thiruvallur": "ತಿರುವಳ್ಳೂರು",
  "district.Tamil Nadu.Nagapattinam": "ನಾಗಪಟ್ಟಣಂ",
  "district.Tamil Nadu.Cuddalore": "ಕಡಲೂರು",
  "district.Tamil Nadu.Kallakurichi": "ಕಲ್ಲಕುರಿಚಿ",
  "district.Tamil Nadu.Perambalur": "ಪೆರಂಬಲೂರ್",
  "district.Tamil Nadu.Tiruchirappalli": "ತಿರುಚಿರಾಪಳ್ಳಿ",
  "district.Tamil Nadu.The Nilgiris": "ನೀಲಗಿರಿ",
  "district.Tamil Nadu.Ariyalur": "ಅರಿಯಲೂರು",
  "district.Tamil Nadu.Tenkasi": "ತೆಂಕಸಿ",
  "district.Jammu and Kashmir.Jammu": "ಜಮ್ಮು",
  "district.Jammu and Kashmir.Srinagar": "ಶ್ರೀನಗರ",
  "district.Jammu and Kashmir.Bandipore": "ಬಂಡೀಪೋರ್",
  "district.Jammu and Kashmir.Rajouri": "ರಾಜೌರಿ",
  "district.Jammu and Kashmir.Badgam": "ಬದ್ಗಮ್",
  "district.Jammu and Kashmir.Baramula": "ಬಾರಾಮುಲಾ",
  "district.Jammu and Kashmir.Shupiyan": "ಶುಪಿಯಾನ್",
  "district.Jammu and Kashmir.Udhampur": "ಉಧಂಪುರ್",
  "district.Jammu and Kashmir.Pulwama": "ಪುಲ್ವಾಮಾ",
  "district.Jammu and Kashmir.Kupwara": "ಕುಪ್ವಾರ",
  "district.Jammu and Kashmir.Ganderbal": "ಗಂಡರ್‌ಬಾಲ್",
  "district.Jammu and Kashmir.Kulgam": "ಕುಲ್ಗಮ್",
  "district.Jammu and Kashmir.Kishtwar": "ಕಿಶ್ತ್ವಾರ್",
  "district.Jammu and Kashmir.Samba": "ಸಾಂಬಾ",
  "district.Jammu and Kashmir.Budaun": "ಬುಡಾನ್",
  "district.Karnataka.Bengaluru": "ಬೆಂಗಳೂರು",
  "district.Karnataka.Kalaburagi": "ಕಲಬುರಗಿ",
  "district.Karnataka.Kodagu": "ಕೊಡಗು",
  "district.Karnataka.Mysuru": "ಮೈಸೂರು",
  "district.Karnataka.Dharwad": "ಧಾರವಾಡ",
  "district.Karnataka.Uttara Kannada": "ಉತ್ತರ ಕನ್ನಡ",
  "district.Karnataka.Dakshina Kannada": "ದಕ್ಷಿಣ ಕನ್ನಡ",
  "district.Karnataka.Chikkaballapura": "ಚಿಕ್ಕಬಲ್ಲಾಪುರ",
  "district.Karnataka.Udupi": "ಉಡುಪಿ",
  "district.Karnataka.Davanagere": "ದಾವನಗರೆ",
  "district.Karnataka.Tumakuru": "ತುಮಕುರು",
  "district.Karnataka.Ballari": "ಬಲ್ಲಾರಿ",
  "district.Karnataka.Bidar": "ಬೀದರ್",
  "district.Karnataka.Bagalkote": "ಬಾಗಲ್ಕೋಟ್",
  "district.Karnataka.Belagavi": "ಬೆಳಗವಿ",
  "district.Karnataka.Bengaluru Rural": "ಬೆಂಗಳೂರು ಗ್ರಾಮೀಣ",
  "district.Karnataka.Gadag": "ಗಡಾಗ್",
  "district.Karnataka.Mandya": "ಮಂಡ್ಯ",
  "district.Karnataka.Vijayapura": "ವಿಜಯಪುರ",
  "district.Maharashtra.Pune": "ಪುಣೆ",
  "district.Maharashtra.Mumbai": "ಮುಂಬೈ",
  "district.Maharashtra.Nagpur": "ನಾಗ್ಪುರ",
  "district.Maharashtra.Ahmadnagar": "ಅಹ್ಮದ್‌ನಗರ",
  "district.Maharashtra.Thane": "ಥಾಣೆ",
  "district.Maharashtra.Raigarh": " ರಾಯಗ",
  "district.Maharashtra.Yavatmal": "ಯವತ್ಮಾಲ್",
  "district.Maharashtra.Aurangabad": "u ರಂಗಾಬಾದ್",
  "district.Maharashtra.Ratnagiri": "ರತ್ನಾಗಿರಿ",
  "district.Maharashtra.Palghar": "ಪಾಲ್ಘರ್",
  "district.Maharashtra.Sangli": "ಸಾಂಗ್ಲಿ",
  "district.Maharashtra.Satara": "ಸತಾರಾ",
  "district.Maharashtra.Sindhudurg": "ಸಿಂಧುದುರ್ಗ್",
  "district.Maharashtra.Gondiya": "ಗೊಂಡಿಯಾ",
  "district.Maharashtra.Kolhapur": "ಕೊಲ್ಹಾಪುರ",
  "district.Maharashtra.Other States*": "ಇತರೆ ರಾಜ್ಯಗಳು *",
  "district.Maharashtra.Jalgaon": "ಜಲ್ಗಾಂವ್",
  "district.Maharashtra.Buldana": "ಬುಲ್ಡಾನಾ",
  "district.Maharashtra.Nashik": "ನಾಸಿಕ್",
  "district.Maharashtra.Osmanabad": "ಉಸ್ಮಾನಾಬಾದ್",
  "district.Maharashtra.Washim": "ವಾಶಿಮ್",
  "district.Maharashtra.Hingoli": "ಹಿಂಗೋಲಿ",
  "district.Maharashtra.Amravati": "ಅಮರಾವತಿ",
  "district.Maharashtra.Latur": "ಲಾತೂರ್",
  "district.Maharashtra.Jalna": "ಜಲ್ನಾ",
  "district.Maharashtra.Akola": "ಅಕೋಲಾ",
  "district.Maharashtra.Bid": "ಬಿಡ್",
  "district.Maharashtra.Dhule": "ಧುಲೆ",
  "district.Maharashtra.Solapur": "ಸೋಲಾಪುರ",
  "district.Punjab.Amritsar": "ಅಮೃತಸರ",
  "district.Punjab.Shahid Bhagat Singh Nagar": "ಶಾಹಿದ್ ಭಗತ್ ಸಿಂಗ್ ನಗರ",
  "district.Punjab.S.A.S. Nagar": "ಎಸ್.ಎ.ಎಸ್.ನಗರ",
  "district.Punjab.Hoshiarpur": "ಹೋಶಿಯಾರ್ಪುರ್",
  "district.Punjab.Jalandhar": "ಜಲಂಧರ್",
  "district.Punjab.Ludhiana": "ಲುಧಿಯಾನ",
  "district.Punjab.Patiala": "ಪಟಿಯಾಲ",
  "district.Punjab.Rupnagar": "ರೂಪನಗರ",
  "district.Punjab.Mansa": "ಮಾನಸಾ",
  "district.Punjab.Pathankot": "ಪಠಾಣ್‌ಕೋಟ್",
  "district.Punjab.Faridkot": "ಫರೀದ್ಕೋಟ್",
  "district.Punjab.Barnala": "ಬರ್ನಾಲಾ",
  "district.Punjab.Fatehgarh Sahib": "ಫತೇಘರ್ ಸಾಹಿಬ್",
  "district.Punjab.Kapurthala": "ಕಪುರ್ಥಾಲಾ",
  "district.Punjab.Moga": "ಮೊಗಾ",
  "district.Punjab.Sri Muktsar Sahib": "ಶ್ರೀ ಮುಕ್ತಸರ್ ಸಾಹಿಬ್",
  "district.Punjab.Sangrur": "ಸಂಗ್ರೂರ್",
  "district.Punjab.Gurdaspur": "ಗುರುದಾಸ್‌ಪುರ",
  "district.Andhra Pradesh.S.P.S. Nellore": "ಎಸ್.ಪಿ.ಎಸ್.ನೆಲ್ಲೂರು",
  "district.Andhra Pradesh.Prakasam": "ಪ್ರಕಾಶಂ",
  "district.Andhra Pradesh.Visakhapatnam": "ವಿಶಾಖಪಟ್ಟಣಂ",
  "district.Andhra Pradesh.East Godavari": "ಪೂರ್ವ ಗೋದಾವರಿ",
  "district.Andhra Pradesh.Krishna": "ಕೃಷ್ಣ",
  "district.Andhra Pradesh.Chittoor": "ಚಿತ್ತೂರು",
  "district.Andhra Pradesh.Guntur": "ಗುಂಟೂರು",
  "district.Andhra Pradesh.Kurnool": "ಕರ್ನೂಲ್",
  "district.Andhra Pradesh.Anantapur": "ಅನಂತಪುರ",
  "district.Andhra Pradesh.West Godavari": "ಪಶ್ಚಿಮ ಗೋದಾವರಿ",
  "district.Andhra Pradesh.Y.S.R.": "ವೈ.ಎಸ್.ಆರ್.",
  "district.Uttarakhand.Dehradun": "ಡೆಹ್ರಾಡೂನ್",
  "district.Uttarakhand.Pauri Garhwal": "ಪೌರಿ ಗರ್ವಾಲ್",
  "district.Uttarakhand.Udham Singh Nagar": "ಉಧಮ್ ಸಿಂಗ್ ನಗರ",
  "district.Uttarakhand.Nainital": "ನೈನಿತಾಲ್",
  "district.Uttarakhand.Haridwar": "ಹರಿದ್ವಾರ",
  "district.Uttarakhand.Almora": "ಅಲ್ಮೋರಾ",
  "district.Uttarakhand.Unknown": "ಅಜ್ಞಾತ",
  "district.Odisha.Khordha": "ಖೋರ್ಧಾ",
  "district.Odisha.Bhadrak": "ಭದ್ರಾಕ್",
  "district.Odisha.Cuttack": "ಕಟಕ್",
  "district.Odisha.Puri": "ಪುರಿ",
  "district.Odisha.Jajapur": "ಜಾಜಾಪುರ",
  "district.Odisha.Kalahandi": "ಕಲಹಂಡಿ",
  "district.Odisha.Kendrapara": "ಕೇಂದ್ರಪಾರ",
  "district.Odisha.Dhenkanal": "ಧೆಂಕನಲ್",
  "district.Odisha.Sundargarh": "ಸುಂದರ್‌ಗರ",
  "district.Puducherry.Mahe": "ಮಹೇ",
  "district.Puducherry.Puducherry": "ಪುದುಚೇರಿ",
  "district.West Bengal.Kolkata": "ಕೋಲ್ಕತಾ",
  "district.West Bengal.North 24 Parganas": "ಉತ್ತರ 24 ಪರಗಣಗಳು",
  "district.West Bengal.Nadia": "ನಾಡಿಯಾ",
  "district.West Bengal.Medinipur East": "ಮದಿನಿಪುರ ಪೂರ್ವ",
  "district.West Bengal.Kalimpong": "ಕಾಲಿಂಪಾಂಗ್",
  "district.West Bengal.Hooghly": "ಹೂಗ್ಲಿ",
  "district.West Bengal.Howrah": "ಹೌರಾ",
  "district.West Bengal.South 24 Parganas": "ದಕ್ಷಿಣ 24 ಪರಗಣಗಳು",
  "district.West Bengal.Unknown": "ಅಜ್ಞಾತ",
  "district.Chandigarh.Chandigarh": "ಚಂಡೀಗಡ",
  "district.Chhattisgarh.Raipur": "ರಾಯ್‌ಪುರ",
  "district.Chhattisgarh.Rajnandgaon": "ರಾಜನಂದಗಾಂವ್",
  "district.Chhattisgarh.Bilaspur": "ಬಿಲಾಸ್ಪುರ್",
  "district.Chhattisgarh.Durg": "ದುರ್ಗ್",
  "district.Chhattisgarh.Korba": "ಕೊರ್ಬಾ",
  "district.Gujarat.Rajkot": "ರಾಜ್ಕೋಟ್",
  "district.Gujarat.Surat": "ಸೂರತ್",
  "district.Gujarat.Ahmadabad": "ಅಹ್ಮದಾಬಾದ್",
  "district.Gujarat.Vadodara": "ವಡೋದರಾ",
  "district.Gujarat.Gandhinagar": "ಗಾಂಧಿನಗರ",
  "district.Gujarat.Kachchh": "ಕಚ್",
  "district.Gujarat.Mahesana": "ಮಹೇಶನ",
  "district.Gujarat.Bhavnagar": "ಭಾವನಗರ",
  "district.Gujarat.Porbandar": "ಪೊರ್ಬಂದರ್",
  "district.Gujarat.Gir Somnath": "ಗಿರ್ ಸೋಮನಾಥ್",
  "district.Gujarat.Panch Mahals": "ಪಂಚ ಮಹಲ್ಸ್",
  "district.Gujarat.Patan": "ಪಟಾನ್",
  "district.Gujarat.Chota Udaipur": "ಚೋಟ ಉದಯಪುರ",
  "district.Gujarat.Jamnagar": "ಜಮ್ನಗರ",
  "district.Gujarat.Morbi": "ಮೊರ್ಬಿ",
  "district.Gujarat.Anand": "ಆನಂದ್",
  "district.Gujarat.Sabar Kantha": "ಸಬರ್ ಕಾಂತ",
  "district.Gujarat.Dahod": "ದಾಹೋಡ್",
  "district.Gujarat.Bharuch": "ಭರೂಚ್",
  "district.Gujarat.Banas Kantha": "ಬನಸ್ ಕಾಂತ",
  "district.Himachal Pradesh.Kangra": "ಕಾಂಗ್ರಾ",
  "district.Himachal Pradesh.Una": "ಉನಾ",
  "district.Himachal Pradesh.Solan": "ಸೋಲನ್",
  "district.Himachal Pradesh.Chamba": "ಚಂಬಾ",
  "district.Himachal Pradesh.Sirmaur": "ಸಿರ್ಮೌರ್",
  "district.Madhya Pradesh.Jabalpur": "ಜಬಲ್ಪುರ್",
  "district.Madhya Pradesh.Bhopal": "ಭೋಪಾಲ್",
  "district.Madhya Pradesh.Indore": "ಇಂದೋರ್",
  "district.Madhya Pradesh.Ujjain": "ಉಜ್ಜಯಿನಿ",
  "district.Madhya Pradesh.Gwalior": "ಗ್ವಾಲಿಯರ್",
  "district.Madhya Pradesh.Shivpuri": "ಶಿವಪುರಿ",
  "district.Madhya Pradesh.Chhindwara": "ಚಿಂದ್ವಾರ",
  "district.Madhya Pradesh.Morena": "ಮೊರೆನಾ",
  "district.Madhya Pradesh.Khargone": "ಖಾರ್ಗೋನ್",
  "district.Madhya Pradesh.Barwani": "ಬಾರ್ವಾನಿ",
  "district.Madhya Pradesh.Betul": "ಬೆತುಲ್",
  "district.Madhya Pradesh.Vidisha": "ವಿದಿಷಾ",
  "district.Madhya Pradesh.Other Region*": "ಇತರೆ ಪ್ರದೇಶ *",
  "district.Madhya Pradesh.Sheopur": "ಶಿಯೋಪುರ",
  "district.Madhya Pradesh.Khandwa": "ಖಂಡವಾ",
  "district.Madhya Pradesh.Dhar": "ಧಾರ್",
  "district.Madhya Pradesh.Hoshangabad": "ಹೋಶಂಗಾಬಾದ್",
  "district.Madhya Pradesh.Raisen": "ರೈಸನ್",
  "district.Madhya Pradesh.Dewas": "ದೇವಾಸ್",
  "district.Madhya Pradesh.Sagar": "ಸಾಗರ್",
  "district.Madhya Pradesh.Shajapur": "ಶಾಜಾಪುರ",
  "district.Madhya Pradesh.Ratlam": "ರತ್ನಂ",
  "district.Madhya Pradesh.Mandsaur": "ಮಾಂಡ್ಸೌರ್",
  "district.Madhya Pradesh.Tikamgarh": "ಟಿಕಮ್‌ಗರ್",
  "district.Bihar.Munger": "ಮುಂಗರ್",
  "district.Bihar.Patna": "ಪಾಟ್ನಾ",
  "district.Bihar.Siwan": "ಸಿವಾನ್",
  "district.Bihar.Nalanda": "ನಳಂದ",
  "district.Bihar.Lakhisarai": "ಲಖಿಸರೈ",
  "district.Bihar.Gopalganj": "ಗೋಪಾಲ್ಗಂಜ್",
  "district.Bihar.Gaya": "ಗಯಾ",
  "district.Bihar.Begusarai": "ಬೆಗುಸರಾಯ್",
  "district.Bihar.Saran": "ಸರನ್",
  "district.Bihar.Bhagalpur": "ಭಾಗಲ್ಪುರ್",
  "district.Bihar.Nawada": "ನವಾಡಾ",
  "district.Manipur.Imphal West": "ಇಂಫಾಲ್ ವೆಸ್ಟ್",
  "district.Manipur.Unknown": "ಅಜ್ಞಾತ",
  "district.Mizoram.Aizawl": "ಐಜಾಲ್",
  "district.Goa.North Goa": "ಉತ್ತರ ಗೋವಾ",
  "district.Goa.Unknown": "ಅಜ್ಞಾತ",
  "district.Andaman and Nicobar Islands.South Andaman": "ದಕ್ಷಿಣ ಅಂಡಮಾನ್",
  "district.Andaman and Nicobar Islands.North and Middle Andaman": "ಉತ್ತರ ಮತ್ತು ಮಧ್ಯ ಅಂಡಮಾನ್",
  "district.Andaman and Nicobar Islands.Unknown": "ಅಜ್ಞಾತ",
  "district.Jharkhand.Ranchi": "ರಾಂಚಿ",
  "district.Jharkhand.Hazaribagh": "ಹಜಾರಿಬಾಗ್",
  "district.Jharkhand.Bokaro": "ಬೊಕಾರೊ",
  "district.Jharkhand.Kodarma": "ಕೋಡರ್ಮಾ",
  "district.Jharkhand.Giridih": "ಗಿರಿಡಿಹ್",
  "district.Jharkhand.Unknown": "ಅಜ್ಞಾತ",
  "district.Assam.Cachar": "ಕ್ಯಾಚರ್",
  "district.Assam.Kamrup Metropolitan": "ಕಮ್ರಪ್ ಮಹಾನಗರ",
  "district.Assam.Jorhat": "ಜೋರ್ಹತ್",
  "district.Assam.Goalpara": "ಗೋಲ್ಪಾರ",
  "district.Assam.Nalbari": "ನಲ್ಬಾರಿ",
  "district.Assam.South Salmara Mancachar": "ದಕ್ಷಿಣ ಸಲ್ಮರಾ ಮಂಚಾಚಾರ್",
  "district.Assam.Kamrup": "ಕಮ್ರಪ್",
  "district.Assam.Morigaon": "ಮೊರಿಗಾಂವ್",
  "district.Assam.Golaghat": "ಗೋಲಾಘಾಟ್",
  "district.Assam.Lakhimpur": "ಲಖಿಂಪುರ",
  "district.Assam.Dhubri": "ಧುಬ್ರಿ",
  "district.Assam.Hailakandi": "ಹೈಲಕಂಡಿ",
  "district.Arunachal Pradesh.Lohit": "ಲೋಹಿತ್",
  "district.Dadra and Nagar Haveli.Unknown": "ಅಜ್ಞಾತ",
  "district.Tripura.Gomati": "ಗೋಮತಿ",
  "district.Tripura.North Tripura": "ಉತ್ತರ ತ್ರಿಪುರ",
  "district.Nagaland.Dimapur": "ದಿಮಾಪುರ",
  "district.Meghalaya.East Khasi Hills": "ಪೂರ್ವ ಖಾಸಿ ಬೆಟ್ಟಗಳು",

  "Langauge":"ನಿಮ್ಮ ಭಾಷೆಯನ್ನು ಆಯ್ಕೆಮಾಡಿ",
  "Home":"ಮನೆ",
  "Statistics":"ಅಂಕಿಅಂಶಗಳು",
  "Services":"ಸೇವೆಗಳು",
  "Comming Soon":"ಶೀಘ್ರದಲ್ಲೇ ಬರುತ್ತಿದೆ!",

  "LockDown Remaining Days":"ಲಾಕ್‌ಡೌನ್ ಉಳಿದ ದಿನಗಳು - "
}
