{
   "appNameOne":"കോവിഡ്",
   "appNameTwo":"19",
   "language.header":"ലാംഗേജ്",
   "language.subheader":"നിങ്ങളുടെ ഭാഷ തിരഞ്ഞെടുക്കുക",
   "dashboard.your-area":"നിങ്ങളുടെ പ്രദേശം",
   "dashboard.cuntry-status-header":"കൺട്രി ട്രാക്കർ",
   "dashboard.toplist":"സ്റ്റേറ്റ് ട്രാക്കർ",
   "dashboard.top-district-list":"ജില്ലാ ട്രാക്കർ",
   "confirmed":"സ്ഥിരീകരിച്ചു",
   "active":"സജീവം",
   "recovered":"വീണ്ടെടുത്തു",
   "deaths":"മരണങ്ങൾ",
   "state.Maharashtra":"മഹാരാഷ്ട്ര",
   "state.Total":"ആകെ",
   "state.Delhi":"ദില്ലി",
   "state.Tamil Nadu":"തമിഴ്നാട്",
   "state.Rajasthan":"രാജസ്ഥാൻ",
   "state.Madhya Pradesh":"മധ്യപ്രദേശ്",
   "state.Uttar Pradesh":"ഉത്തർപ്രദേശ്",
   "state.Gujarat":"ഗുജറാത്ത്",
   "state.Telangana":"തെലങ്കാന",
   "state.Andhra Pradesh":"ആന്ധ്രപ്രദേശ്",
   "state.Kerala":"കേരളം",
   "state.Jammu and Kashmir":"ജമ്മു കശ്മീർ",
   "state.Karnataka":"കർണാടക",
   "state.Haryana":"ഹരിയാന",
   "state.West Bengal":"പശ്ചിമ ബംഗാൾ",
   "state.Punjab":"പഞ്ചാബ്",
   "state.Bihar":"ബീഹാർ",
   "state.Odisha":"ഒഡീഷ",
   "state.Uttarakhand":"ഉത്തരാഖണ്ഡ്",
   "state.Chhattisgarh":"ഛത്തീസ്ഗഡ്",
   "state.Himachal Pradesh":"ഹിമാചൽ പ്രദേശ്",
   "state.Assam":"അസം",
   "state.Jharkhand":" ഝാർഖണ്ഡ്",
   "state.Chandigarh":"ചണ്ഡിഗഡ്",
   "state.Ladakh":"ലഡാക്ക്",
   "state.Andaman and Nicobar Islands":"ആൻഡമാൻ ആൻഡ് നിക്കോബാർ ദ്വീപുകൾ",
   "state.Goa":"ഗോവ",
   "state.Puducherry":"പുതുച്ചേരി",
   "state.Manipur":"മണിപ്പൂർ",
   "state.Tripura":"ത്രിപുര",
   "state.Mizoram":"മിസോറം",
   "state.Arunachal Pradesh":"അരുണാചൽ പ്രദേശ്",
   "state.Dadra and Nagar Haveli":"ദാദ്രയും നഗർ ഹവേലിയും",
   "state.Nagaland":"നാഗാലാൻഡ്",
   "state.Meghalaya":"മേഘാലയ",
   "state.Daman and Diu":"ദാമനും ഡിയു",
   "state.Lakshadweep":"ലക്ഷദ്വീപ്",
   "state.Sikkim":"സിക്കിം",
   "state.Dadra and Nagar Haveli and Daman and Diu":"ദാദ്രയും നഗർ ഹവേലിയും ദാമനും ഡിയുവും",
   "dashboard.view-district":"ജില്ല കാണുക",

   "district.Dadra and Nagar Haveli and Daman and Diu.Dadra and Nagar Haveli":"ദാദ്രയും നഗർ ഹവേലിയും",
   "district.Kerala.Thrissur":"തൃശ്ശൂർ",
   "district.Kerala.Alappuzha":"ആലപ്പുഴ",
   "district.Kerala.Kasaragod":"കാസരഗോഡ്",
   "district.Kerala.Pathanamthitta":"പത്തനംതിട്ട",
   "district.Kerala.Kannur":"കണ്ണൂർ",
   "district.Kerala.Ernakulam":"എറണാകുളം",
   "district.Kerala.Kottayam":"കോട്ടയം",
   "district.Kerala.Thiruvananthapuram":"തിരുവനന്തപുരം",
   "district.Kerala.Idukki":"ഇടുക്കി",
   "district.Kerala.Malappuram":"മലപ്പുറം",
   "district.Kerala.Kozhikode":"കോഴിക്കോട്",
   "district.Kerala.Palakkad":"പാലക്കാട്",
   "district.Kerala.Wayanad":"വയനാട്",
   "district.Kerala.Kollam":"കൊല്ലം",
   "district.Delhi.East Delhi":"ഈസ്റ്റ് ദില്ലി",
   "district.Delhi.South West Delhi":"സൗത്ത് വെസ്റ്റ് ദില്ലി",
   "district.Delhi.West Delhi":"വെസ്റ്റ് ഡെൽഹി",
   "district.Delhi.North Delhi":"നോർത്ത് ദില്ലി",
   "district.Delhi.New Delhi":"ന്യൂഡൽഹി",
   "district.Delhi.South Delhi":"സൗത്ത് ദില്ലി",
   "district.Delhi.North East Delhi":"നോർത്ത് ഈസ്റ്റ് ദില്ലി",
   "district.Delhi.North West Delhi":"നോർത്ത് വെസ്റ്റ് ദില്ലി",
   "district.Delhi.Unknown":"അജ്ഞാതം",
   "district.Delhi.Central Delhi":"സെൻട്രൽ ഡെൽഹി",
   "district.Delhi.South East Delhi":"തെക്ക് കിഴക്കൻ ഡെൽഹി",
    "district.Delhi.Shahdara":"ഷഹദാര",
   "district.Telangana.Hyderabad":"ഹൈദരാബാദ്",
   "district.Telangana.Karimnagar":"കരിംനഗർ",
   "district.Telangana.Bhadradri Kothagudem":"ഭദ്രദ്രി കോതഗുഡെം",
   "district.Telangana.Ranga Reddy":"രംഗ റെഡ്ഡി",
   "district.Telangana.Medchal Malkajgiri":"മെദ്ചൽ മൽകജ്ഗിരി",
   "district.Telangana.Unknown":"അജ്ഞാതം",
   "district.Telangana.Rajanna Sircilla":"രാജന്ന സിർസില്ല",
   "district.Telangana.Khammam":"ഖമ്മം",
   "district.Telangana.Warangal Urban":"വാറങ്കൽ അർബൻ",
   "district.Telangana.Vikarabad":"വികാരാബാദ്",
   "district.Telangana.Suryapet":"സൂര്യപേട്ട്",
   "district.Telangana.Siddipet":"സിദ്ദിപേട്ട്",
   "district.Telangana.Sangareddy":"സംഗറെഡ്ഡി",
   "district.Telangana.Nizamabad":"നിസാമാബാദ്",
   "district.Telangana.Medak":"മേഡക്",
   "district.Telangana.Mahabubnagar":"മഹാബൂബ് നഗർ",
   "district.Telangana.Mahabubabad":"മഹാബൂബാബാദ്",
   "district.Telangana.Adilabad":"ആദിലാബാദ്",
   "district.Telangana.Nirmal":"നിർമ്മൽ",
   "district.Telangana.Peddapalli":"പെഡപ്പള്ളി",
   "district.Telangana.Jagtial":"ജാഗിറ്റൽ",
   "district.Telangana.Jogulamba Gadwal":"ജോഗുലമ്പ ഗദ്വാൾ",
   "district.Telangana.Nalgonda":"നൽഗൊണ്ട",
   "district.Telangana.Nagarkurnool":"നാഗാർക്കർനൂൾ",
   "district.Telangana.Mulugu":"മുളുഗു",
   "district.Telangana.Kamareddy":"കമറെഡ്ഡി",
   "district.Telangana.Jayashankar":"ജയശങ്കർ",
   "district.Telangana.Jangoan":"ജംഗോവാൻ",
   "district.Telangana.Narayanpet":"നാരായൺപേട്ട്",
   "district.Telangana.Mancherial":"മാഞ്ചീരിയൽ",
   "district.Telangana.Jayashankar Bhupalapally":"ജയ്‌ശങ്കർ ഭൂപപ്പള്ളി",
   "district.Telangana.Jagital":"ജഗിതല്",
   "district.Telangana.Jangaon":"ജന്ഗൊന്",
   "district.Telangana.Komaram Bheem":"കോരമ ഭീം",
   "district.Rajasthan.Italians*":"ഇറ്റലിക്കാർ *",
   "district.Rajasthan.Jaipur":"ജയ്പൂർ",
   "district.Rajasthan.Jhunjhunu":"ജുഞ്ജുനു",
   "district.Rajasthan.Bhilwara":"ഭിൽവാര",
   "district.Rajasthan.Jodhpur":"ജോധ്പൂർ",
   "district.Rajasthan.Pali":"പാലി",
   "district.Rajasthan.Sikar":"സിക്കാർ",
   "district.Rajasthan.Pratapgarh":"പ്രതാപ്ഗഡ്",
   "district.Rajasthan.Dungarpur":"ദുൻഗർപൂർ",
   "district.Rajasthan.Churu":"ചുരു",
   "district.Rajasthan.Ajmer":"അജ്മീർ",
   "district.Rajasthan.Alwar":"അൽവാർ",
   "district.Rajasthan.Tonk":"ടോങ്ക്",
   "district.Rajasthan.Dhaulpur":"ധദ്ഹൗല്പുർ",
   "district.Rajasthan.Udaipur":"ഉദയ്പൂർ",
   "district.Rajasthan.Bharatpur":"ഭരത്പൂർ",
   "district.Rajasthan.Bikaner":"ബിക്കാനീർ",
   "district.Rajasthan.Dausa":"ദൗസ",
   "district.Rajasthan.Banswara":"ബൻസ്വര",
   "district.Rajasthan.Karauli":"കരൗലി",
   "district.Rajasthan.Nagaur":"നാഗർ",
   "district.Rajasthan.Jaisalmer":"ജയ്സാൽമർ",
   "district.Rajasthan.Kota":"കോട്ട",
   "district.Rajasthan.Jhalawar":"ജലവാർ",
   "district.Rajasthan.Barmer":"ബാർമർ",
   "district.Rajasthan.Hanumangarh":"ഹനുമാൻഗഡ്",
   "district.Rajasthan.Evacuees":"ഇവാക്യൂസ് *",
   "district.Rajasthan.Dholpur":"ധോൽപൂർ",
   "district.Rajasthan.Rajsamand":"രാജ്സമന്ദ്",
   "district.Rajasthan.Jalore":"ജലൂർ",
   "district.Rajasthan.Baran":"ബാരൻ",
   "district.Rajasthan.Chittorgarh":"ചിറ്റോർഗഡ്",
   "district.Rajasthan.Sirohi":"സിറോഹി",
   "district.Haryana.Italians*":"ഇറ്റലിക്കാർ *",
   "district.Haryana.Gurugram":"ഗുരുഗ്രാം",
   "district.Haryana.Faridabad":"ഫരീദാബാദ്",
   "district.Haryana.Panipat":"പാനിപ്പറ്റ്",
   "district.Haryana.Panchkula":"പഞ്ചകുല",
   "district.Haryana.Sonipat":"സോണിപത്",
   "district.Haryana.Palwal":"പൽവാൾ",
   "district.Haryana.Ambala":"അംബാല",
   "district.Haryana.Sirsa":"സിർസ",
   "district.Haryana.Hisar":"ഹിസാർ",
   "district.Haryana.Rohtak":"റോഹ്തക്",
   "district.Haryana.Nuh":"നുഹ്",
   "district.Haryana.Karnal":"കർണാൽ",
   "district.Haryana.Bhiwani":"ഭിവാനി",
   "district.Haryana.Kaithal":"കൈതാൽ",
   "district.Haryana.Charkhi Dadri":"ചാർക്കി ദാദ്രി",
   "district.Haryana.Jind":"ജിന്ദ്",
   "district.Haryana.Fatehabad":"ഫത്തേഹാബാദ്",
   "district.Haryana.Kurukshetra":"കുരുക്ഷേത്ര",
   "district.Haryana.Yamunanagar":"യമുനാനഗർ",
   "district.Haryana.Jhajjar":"ജജ്ജർ",
   "district.Haryana.Mahendragarh":"മഹേന്ദ്രഗഡ്",
   
   
   "district.Uttar Pradesh.Agra":"ആഗ്ര",
   "district.Uttar Pradesh.Ghaziabad":"ഗാസിയാബാദ്",
   "district.Uttar Pradesh.Lucknow":"ലക്‌നൗ",
   "district.Uttar Pradesh.Gautam Buddha Nagar":"ഗൗറ്റം ബുദ്  നഗർ",
   "district.Uttar Pradesh.Kheri":"ഖേരി",
   "district.Uttar Pradesh.Moradabad":"മൊറാദാബാദ്",
   "district.Uttar Pradesh.Varanasi":"വാരണാസി",
   "district.Uttar Pradesh.Kanpur Nagar":"കാൺപൂർ നഗർ",
   "district.Uttar Pradesh.Pilibhit":"പിലിഭിത്",
   "district.Uttar Pradesh.Jaunpur":"ജൗൻപുർ",
   "district.Uttar Pradesh.Baghpat":"ബാഗ്പത്",
   "district.Uttar Pradesh.Shamli":"ഷാംലി",
   "district.Uttar Pradesh.Meerut":"മീററ്റ്",
   "district.Uttar Pradesh.Bareilly":"ബറേലി",
   "district.Uttar Pradesh.Bulandshahr":"ബുലന്ദ്‌ഷാർ",
   "district.Uttar Pradesh.Basti":"ബസ്തി",
   "district.Uttar Pradesh.Hardoi":"ഹാർഡോയി",
   "district.Uttar Pradesh.Shahjahanpur":"ഷാജഹാൻപൂർ",
   "district.Uttar Pradesh.Firozabad":"ഫിറോസാബാദ്",
   "district.Uttar Pradesh.Azamgarh":"ആസംഗഡ്",
   "district.Uttar Pradesh.Saharanpur":"സഹാറൻപൂർ",
   "district.Uttar Pradesh.Pratapgarh":"പ്രതാപ്ഗഡ്",
   "district.Uttar Pradesh.Hapur":"ഹാപൂർ",
   "district.Uttar Pradesh.Ghazipur":"ഗാസിപൂർ",
   "district.Uttar Pradesh.Banda":"ബന്ദ",
   "district.Uttar Pradesh.Maharajganj":"മഹാരാജ്ഗഞ്ച്",
   "district.Uttar Pradesh.Hathras":"ഹാത്രാസ്",
   "district.Uttar Pradesh.Mirzapur":"മിർസാപൂർ",
   "district.Uttar Pradesh.Rae Bareli":"റായ് ബറേലി",
   "district.Uttar Pradesh.Bara Banki":"ബാര ബാങ്കി",
   "district.Uttar Pradesh.Auraiya":"ഔരൈയ",
   "district.Uttar Pradesh.Mathura":"മഥുര",
   "district.Uttar Pradesh.Budaun":"ബുഡാൻ",
   "district.Uttar Pradesh.Kaushambi":"കുഷ്മ്ബി",
   "district.Uttar Pradesh.Bijnor":"ബിജ്‌നോർ",
   "district.Uttar Pradesh.Prayagraj":"പ്രയാഗ്രാജ്",
   "district.Uttar Pradesh.Sitapur":"സീതാപൂർ",
   "district.Uttar Pradesh.Muzaffarnagar":"മുസഫർനഗർ",
   "district.Uttar Pradesh.Amroha":"അമ്രോഹ",
   "district.Uttar Pradesh.Rampur":"റാംപൂർ",
   "district.Uttar Pradesh.Bhadohi":"ഭാദോഹി",
   "district.Uttar Pradesh.Kasganj":"കസ്ഗഞ്ച്",
   "district.Uttar Pradesh.Etawah":"ഇറ്റാവ",
   "district.Uttar Pradesh.Bijapur":"ബിജാപൂർ",
   "district.Uttar Pradesh.Sambhal":"സംബാൽ",
   "district.Uttar Pradesh.Sant Kabir Nagar":"സന്ത് കബീർ നഗർ",
   "district.Uttar Pradesh.Ayodhya":"അയോദ്ധ്യ",
   "district.Uttar Pradesh.Mau":"മൌ",
   "district.Uttar Pradesh.Mahoba":"മഹോബ",
   "district.Uttar Pradesh.Kushinagar":"കുശിനഗർ",
   "district.Uttar Pradesh.Kanpur Dehat":"കാൺപൂർ ",
   "district.Uttar Pradesh.Deoria":"ഡോറിയ",
   "district.Uttar Pradesh.Balrampur":"ബാൽറാംപൂർ",
   "district.Uttar Pradesh.Barabanki":"ബരാബങ്കി",
   "district.Uttar Pradesh.Unnao":"ഉണ്ണാവോ",
   "district.Uttar Pradesh.Chitrakoot":"ചിത്രകൂട്ട്",
   "district.Uttar Pradesh.Gorakhpur":"ഗോരഖ്പൂർ",
   "district.Uttar Pradesh.Lakhimpur Kheri":"ലഖിംപൂർ ഖേരി",
   "district.Uttar Pradesh.Kannauj":"കണ്ണൗജ്",
   "district.Uttar Pradesh.Mainpuri":"മെയിൻപുരി",
   "district.Uttar Pradesh.Etah":"എറ്റാ",
   "district.Uttar Pradesh.Gonda":"ഗോണ്ട",
   "district.Uttar Pradesh.Sultanpur":"സുൽത്താൻപൂർ",
   "district.Uttar Pradesh.Siddharthnagar":"സിദ്ധാർത്ഥനഗർ",
   "district.Uttar Pradesh.Jhansi":"ഗാൻസി",
   "district.Uttar Pradesh.Aligarh":"അലിഗഡ്",
   "district.Uttar Pradesh.Bahraich":"ബഹ്‌റൈച്ച്",
   "district.Uttar Pradesh.Jalaun":"ജല un ൻ",
   "district.Uttar Pradesh.Shrawasti":"ശ്രാവസ്തി",
   "district.Uttar Pradesh.Amethi":"അമേത്തി",
	  
   "district.Ladakh.Leh":"ലേ",
   "district.Ladakh.Kargil":"കാർഗിൽ",
   "district.Tamil Nadu.Kancheepuram":"കാഞ്ചീപുരം",
   "district.Tamil Nadu.Chennai":"ചെന്നൈ",
   "district.Tamil Nadu.Erode":"ഈറോഡ്",
   "district.Tamil Nadu.Coimbatore":"കോയമ്പത്തൂർ",
   "district.Tamil Nadu.Tirunelveli":"തിരുനെൽവേലി",
   "district.Tamil Nadu.Tiruppur":"തിരുപ്പൂർ",
   "district.Tamil Nadu.Madurai":"മധുര",
   "district.Tamil Nadu.Chengalpattu":"ചെങ്ങൽപട്ടു",
   "district.Tamil Nadu.Salem":"സേലം",
   "district.Tamil Nadu.Ranipet":"റാണിപേട്ട്",
   "district.Tamil Nadu.Thanjavur":"തഞ്ചാവൂർ",
   "district.Tamil Nadu.Vellore":"വെല്ലൂർ",
   "district.Tamil Nadu.Virudhunagar":"വിരുദുനഗർ",
   "district.Tamil Nadu.Karur":"കരൂർ",
   "district.Tamil Nadu.Tiruvannamalai":"തിരുവണ്ണാമലൈ",
   "district.Tamil Nadu.Viluppuram":"വിലുപുറം",
   "district.Tamil Nadu.Namakkal":"നാമക്കൽ",
   "district.Tamil Nadu.Krishnagiri":"കൃഷ്ണഗിരി",
   "district.Tamil Nadu.Kanyakumari":"കന്യാകുമാരി",
   "district.Tamil Nadu.Thoothukkudi":"തൂത്തുക്കുടി",
   "district.Tamil Nadu.Theni":"തേനി",
   "district.Tamil Nadu.Dindigul":"ദിണ്ടിഗൽ",
   "district.Tamil Nadu.Sivaganga":"ശിവഗംഗ",
   "district.Tamil Nadu.Tirupathur":"തിരുപ്പത്തൂർ",
   "district.Tamil Nadu.Thiruvarur":"തിരുവാരൂർ",
   "district.Tamil Nadu.Ramanathapuram":"രാമനാഥപുരം",
   "district.Tamil Nadu.Thiruvallur":"തിരുവല്ലൂർ",
   "district.Tamil Nadu.Nagapattinam":"നാഗപട്ടണം",
   "district.Tamil Nadu.Cuddalore":"കടലൂർ",
   "district.Tamil Nadu.Kallakurichi":"കല്ലകുരിചി",
   "district.Tamil Nadu.Perambalur":"പെരമ്പലൂർ",
   "district.Tamil Nadu.Tiruchirappalli":"തിരുച്ചിറപ്പള്ളി",
   "district.Tamil Nadu.Nilgiris":"നീലഗിരി",
   "district.Tamil Nadu.Ariyalur":"അരിയലൂർ",
   "district.Tamil Nadu.Tenkasi":"തെങ്കസി",
   "district.Tamil Nadu.Pudukkottai":"പുതുക്കോട്ട",
   "district.Tamil Nadu.Dharmapuri":"ധർമ്മപുരി",
   "district.Jammu and Kashmir.Jammu":"ജമ്മു",
   "district.Jammu and Kashmir.Srinagar":"ശ്രീനഗർ",
   "district.Jammu and Kashmir.Bandipore":"ബന്ദിപ്പൂർ",
   "district.Jammu and Kashmir.Rajouri":"രാജൗരി",
   "district.Jammu and Kashmir.Budgam":"ബാഡ്ഗാം",
   "district.Jammu and Kashmir.Baramulla":"ബാരാമുല",
   "district.Jammu and Kashmir.Shupiyan":"ഷുപിയാൻ",
   "district.Jammu and Kashmir.Udhampur":"ഉദംപൂർ",
   "district.Jammu and Kashmir.Pulwama":"പുൽവാമ",
   "district.Jammu and Kashmir.Kupwara":"കുപ്വാര",
   "district.Jammu and Kashmir.Ganderbal":"ഗണ്ടർബാൽ",
   "district.Jammu and Kashmir.Kulgam":"കുൽഗാം",
   "district.Jammu and Kashmir.Kishtwar":"കിഷ്ത്വാർ",
   "district.Jammu and Kashmir.Samba":"സാംബ",
   "district.Jammu and Kashmir.Bandipora":"ബന്ദിപ്പോറ",
   "district.Jammu and Kashmir.Budaun":"ആനന്ദ്‌നാഗ്",
   "district.Jammu and Kashmir.Shopiyan":"ഷോപ്പിയൻ",
   "district.Jammu and Kashmir.Kathua":"കതുവ",
   "district.Jammu and Kashmir.Ramban":"റാംബാം",
   "district.Jammu and Kashmir.Reasi":"രെഅസീ",
   "district.Karnataka.Bengaluru":"ബെംഗളൂരു",
   "district.Karnataka.Kalaburagi":"കലബുരഗി",
   "district.Karnataka.Kodagu":"കുദെഗു",
   "district.Karnataka.Mysuru":"മൈസുരു",
   "district.Karnataka.Dharwad":"ധാർവാഡ്",
   "district.Karnataka.Uttara Kannada":"ഉത്തര കന്നഡ",
   "district.Karnataka.Dakshina Kannada":"ദക്ഷിണ കന്നഡ",
   "district.Karnataka.Chikkaballapura":"ചിക്കബല്ലപുര",
   "district.Karnataka.Udupi":"ഉഡുപ്പി",
   "district.Karnataka.Davanagere":"ദവനാഗെരെ",
   "district.Karnataka.Tumakuru":"തുമകുരു",
   "district.Karnataka.Ballari":"ബല്ലാരി",
   "district.Karnataka.Bidar":"ബിദാർ",
   "district.Karnataka.Bagalkote":"ബാഗൽകോട്ട്",
   "district.Karnataka.Belagavi":"ബെലഗവി",
   "district.Karnataka.Bengaluru Rural":"ബെംഗളൂരു റൂറൽ",
   "district.Karnataka.Bengaluru Urban":"ബെംഗളൂരു നഗര",
   "district.Karnataka.Gadag":"ഗഡാഗ്",
   "district.Karnataka.Mandya":"മാണ്ഡ്യ",
   "district.Karnataka.Vijayapura":"വിജയപുര",
   "district.Karnataka.Haveri":"ഹവേരി",
   "district.Karnataka.Chitradurga":"ചിത്രാദുർഗ",
   "district.Maharashtra.Pune":"പൂനെ",
   "district.Maharashtra.Mumbai":"മുംബൈ",
   "district.Maharashtra.Nandurbar":"നന്ദൂർബാർ",
    "district.Maharashtra.Bhandara":"ഭണ്ഡാര",
   "district.Maharashtra.Nagpur":"നാഗ്പൂർ",
   "district.Maharashtra.Ahmadnagar":"അഹ്മദ്‌നഗർ",
   "district.Maharashtra.Thane":"താനെ",
   "district.Maharashtra.Raigad":"റായ്ഗഡ്",
   "district.Maharashtra.Parbhani":"പർഭാനി",
   "district.Maharashtra.Yavatmal":"യവത്മാൽ",
   "district.Maharashtra.Aurangabad":"ഔർങ്ബ്ദ്",
   "district.Maharashtra.Ratnagiri":"രത്‌നഗിരി",
   "district.Maharashtra.Palghar":"പൽഗാർ",
   "district.Maharashtra.Sangli":"സാംഗ്ലി",
   "district.Maharashtra.Satara":"സതാര",
   "district.Maharashtra.Sindhudurg":"സിന്ധുദുർഗ്",
   "district.Maharashtra.Gondia":"ഗോണ്ടിയ",
   "district.Maharashtra.Kolhapur":"കോലാപ്പൂർ",
   "district.Maharashtra.Other States*":"മറ്റ് സംസ്ഥാനങ്ങൾ *",
   "district.Maharashtra.Jalgaon":"ജൽ‌ഗാവ്",
   "district.Maharashtra.Buldana":"ബുൾദാന",
   "district.Maharashtra.Nashik":"നാസിക്",
   "district.Maharashtra.Osmanabad":"ഉസ്മാനാബാദ്",
   "district.Maharashtra.Washim":"വാഷിം",
   "district.Maharashtra.Hingoli":"ഹിംഗോളി",
   "district.Maharashtra.Amravati":"അമരാവതി",
   "district.Maharashtra.Latur":"ലത്തൂർ",
   "district.Maharashtra.Jalna":"ജൽന",
   "district.Maharashtra.Akola":"അകോല",
   "district.Maharashtra.Beed":"ബിഡ്",
   "district.Maharashtra.Dhule":"ധൂലെ",
   "district.Maharashtra.Solapur":"സോളാപൂർ",
   "district.Maharashtra.Ahmednagar":"അഹ്മദ്‌നഗർ",
   "district.Maharashtra.Nanded":"നാന്ദേഡ്",
   "district.Maharashtra.Buldhana":"ബുൾദാന",
   "district.Punjab.Amritsar":"അമൃത്സർ",
   "district.Punjab.Shahid Bhagat Singh Nagar":"ഷാഹിദ് ഭഗത് സിംഗ് നഗർ",
   "district.Punjab.S.A.S. Nagar":"എസ് .അ. എസ് നഗർ",
   "district.Punjab.Hoshiarpur":"ഹോഷിയാർപൂർ",
   "district.Punjab.Jalandhar":"ജലന്ധർ",
   "district.Punjab.Ludhiana":"ലുധിയാന",
   "district.Punjab.Patiala":"പട്യാല",
   "district.Punjab.Rupnagar":"രൂപനഗർ",
   "district.Punjab.Mansa":"മൻസ",
   "district.Punjab.Pathankot":"പത്താൻ‌കോട്ട്",
   "district.Punjab.Faridkot":"ഫരീദ്‌കോട്ട്",
   "district.Punjab.Barnala":"ബർണാല",
   "district.Punjab.Fatehgarh Sahib":"ഫത്തേഗഡ് സാഹിബ്",
   "district.Punjab.Kapurthala":"കപൂർത്തല",
   "district.Punjab.Moga":"മോഗ",
   "district.Punjab.Sri Muktsar Sahib":"ശ്രീ മുക്തർ സാഹിബ്",
   "district.Punjab.Sangrur":"സംഗ്രൂർ",
   "district.Punjab.Gurdaspur":"ഗുരുദാസ്പൂർ",
   "district.Punjab.Fazilka":"ഫാസിൽക്ക",
   "district.Punjab.Bathinda":"ബതിന്ദ",
   "district.Punjab.Ferozepur":"ഫിറോസ്പൂർ",
   "district.Punjab.Tarn Taran":"താരൻ തരൻ",
   "district.Andhra Pradesh.S.P.S. Nellore":"എസ്.പി.എസ്.നെല്ലൂർ",
   "district.Andhra Pradesh.Prakasam":"പ്രകാശം",
   "district.Andhra Pradesh.Visakhapatnam":"വിശാഖപട്ടണം",
   "district.Andhra Pradesh.East Godavari":"കിഴക്കൻ ഗോദാവരി",
   "district.Andhra Pradesh.Krishna":"കൃഷ്ണ",
   "district.Andhra Pradesh.Chittoor":"ചിറ്റൂർ",
   "district.Andhra Pradesh.Guntur":"ഗുണ്ടൂർ",
   "district.Andhra Pradesh.Kurnool":"കർനൂൾ",
   "district.Andhra Pradesh.Anantapur":"അനന്തപുർ",
   "district.Andhra Pradesh.West Godavari":"വെസ്റ്റ് ഗോദാവരി",
   "district.Andhra Pradesh.Y.S.R. Kadapa":"വൈ.എസ്.ആർ",
   "district.Andhra Pradesh.Vizianagaram":"വിഹി നഗരം",
   "district.Andhra Pradesh.Srikakulam":"ശ്രീകാകുളം",
   "district.Uttarakhand.Dehradun":"ഡെറാഡൂൺ",
   "district.Uttarakhand.Pauri Garhwal":"പൗരി ഗർവാൾ",
   "district.Uttarakhand.Udham Singh Nagar":"ഉദം സിംഗ് നഗർ",
   "district.Uttarakhand.Nainital":"നൈനിറ്റൽ",
   "district.Uttarakhand.Haridwar":"ഹരിദ്വാർ",
   "district.Uttarakhand.Almora":"അൽമോറ",
   "district.Uttarakhand.Unknown":"അജ്ഞാതം",
   "district.Odisha.Khordha":"ഖോർദ",
   "district.Odisha.Bhadrak":"ഭദ്രക്",
   "district.Odisha.Cuttack":"കട്ടക്ക്",
   "district.Odisha.Puri":"പുരി",
   "district.Odisha.Jajapur":"ജജാപൂർ",
   "district.Odisha.Kalahandi":"കാലഹണ്ടി",
   "district.Odisha.Kendrapara":"കേന്ദ്രപര",
   "district.Odisha.Dhenkanal":"ധെങ്കനാൽ",
   "district.Odisha.Sundargarh":"സുന്ദർഗഡ്",
    "district.Odisha.Jajpur":"ജയ്പൂർ",
	 "district.Odisha.Ganjam":"ഗഞ്ചം",
	  "district.Odisha.Balasore":"ബാലസോർ",
	   "district.Odisha.Jagatsinghpur":"ജഗത്സിംഗ്പൂർ",
	    "district.Odisha.Mayurbhanj":"മയൂർഭഞ്ച്",
		"district.Odisha.Balangir":"ബാലങ്കിർ",
		"district.Odisha.Koraput":"കോരാപുട്ട്",
   "district.Odisha.Deogarh":"ദിയോഘർ",
   "district.Odisha.Kendujhar":"കെണ്ടുജാർ",
   "district.Odisha.Jharsuguda":"ജർസുഗുഡ",
   "district.Puducherry.Mahe":"മാഹി",
   "district.Puducherry.Puducherry":"പുതുച്ചേരി",
   "district.West Bengal.Kolkata":"കൊൽക്കത്ത",
   "district.West Bengal.North 24 Parganas":"നോർത്ത് 24 പർഗാനാസ്",
   "district.West Bengal.Nadia":"നാദിയ",
   "district.West Bengal.Medinipur East":"മെഡിനിപൂർ ഈസ്റ്റ്",
   "district.West Bengal.Kalimpong":"കലിംപോംഗ്",
   "district.West Bengal.Hooghly":"ഹൂഗ്ലി",
   "district.West Bengal.Howrah":"ഹൗറ",
   "district.West Bengal.South 24 Parganas":"സൗത്ത് 24 പർഗാനാസ്",
   "district.West Bengal.Unknown":"അജ്ഞാതം",
   "district.West Bengal.Purba Medinipur":"ഈസ്റ്റ് മിഡ്‌നാപൂർ",
	"district.West Bengal.Malda":"മാൾഡ",
   "district.West Bengal.Murshidabad":"മുർഷിദാബാദ്",
   "district.West Bengal.Jalpaiguri":"ജല്ല്പൈഗുരെ",
   "district.West Bengal.Birbhum":"ബിർഭം",
   "district.West Bengal.Darjeeling":"ഡാർജിലിംഗ്",
   "district.West Bengal.Paschim Medinipur":"വെസ്റ്റ് മെഡിനിപൂർ",
   "district.West Bengal.Paschim Bardhaman":"വെസ്റ്റ് ബർദ്ധമാൻ",
   "district.Chandigarh.Chandigarh":"ചണ്ഡിഗഡ്",
   "district.Chhattisgarh.Raipur":"റായ്പൂർ",
   "district.Chhattisgarh.Rajnandgaon":"രാജ്‌നന്ദ്‌ഗാവ്",
   "district.Chhattisgarh.Bilaspur":"ബിലാസ്പൂർ",
   "district.Chhattisgarh.Durg":"ദുർഗ്",
   "district.Chhattisgarh.Korba":"കോർബ",
   "district.Chhattisgarh.Surajpur":"സൂരജ്പൂർ",
   "district.Chhattisgarh.Kabeerdham":"കബീർ ധാം",
   "district.Gujarat.Rajkot":"രാജ്കോട്ട്",
   "district.Gujarat.Surat":"സൂററ്റ്",
   "district.Gujarat.Ahmedabad":"അഹ്മദാബാദ്",
   "district.Gujarat.Vadodara":"വഡോദര",
   "district.Gujarat.Gandhinagar":"ഗാന്ധിനഗർ",
   "district.Gujarat.Kachchh":"കച്ച്",
   "district.Gujarat.Mehsana":"മഹേസാന",
   "district.Gujarat.Bhavnagar":"ഭാവ് നഗർ",
   "district.Gujarat.Porbandar":"പോർബന്ദർ",
   "district.Gujarat.Gir Somnath":"ഗിർ സോംനാഥ്",
   "district.Gujarat.Panchmahal":"പഞ്ച മഹലുകൾ",
   "district.Gujarat.Patan":"പാടൻ",
   "district.Gujarat.Chhota Udaipur":"ഛോട്ട ഉദയ്പൂർ",
   "district.Gujarat.Jamnagar":"ജാംനഗർ",
   "district.Gujarat.Morbi":"മോർബി",
   "district.Gujarat.Anand":"ആനന്ദ്",
   "district.Gujarat.Sabarkantha":"സബർ കാന്ത",
   "district.Gujarat.Dahod":"ദഹോദ്",
   "district.Gujarat.Bharuch":"ഭരുച്ച്",
   "district.Gujarat.Banaskantha":"ബനാസ് കാന്ത",
   "district.Gujarat.Navsari":"നവസാരി",
   "district.Gujarat.Kutch":"കച്ച്",
   "district.Gujarat.Valsad":"വൽസാദ്",
   "district.Gujarat.Dang":"ഡാങ്",
   "district.Gujarat.Tapi":"തഅപ്പി",
   "district.Gujarat.Devbhumi Dwarka":"ദേവഭൂമി ദ്വാരക",
   "district.Gujarat.Junagadh":"ജുനാഗഡ്",
   "district.Gujarat.Surendranagar":"സുരേന്ദ്രനഗർ",
   "district.Himachal Pradesh.Kangra":"കാൻഗ്ര",
   "district.Himachal Pradesh.Una":"ഉന",
   "district.Himachal Pradesh.Solan":"സോളൻ",
   "district.Himachal Pradesh.Chamba":"ചമ്പ",
   "district.Himachal Pradesh.Sirmaur":"സിർമൗർ",
    "district.Himachal Pradesh.Mandi":"മാന്ദ്യം",
	 "district.Himachal Pradesh.Hamirpur":"ഹാമിർപൂർ",
	  "district.Himachal Pradesh.Shimla":"ഷിംല",
   "district.Madhya Pradesh.Jabalpur":"ജബൽപൂർ",
   "district.Madhya Pradesh.Bhopal":"ഭോപ്പാൽ",
   "district.Madhya Pradesh.Indore":"ഇൻഡോർ",
   "district.Madhya Pradesh.Ujjain":"ഉജ്ജൈൻ",
   "district.Madhya Pradesh.Gwalior":"ഗ്വാളിയർ",
   "district.Madhya Pradesh.Shivpuri":"ശിവപുരി",
   "district.Madhya Pradesh.Chhindwara":"ചിന്ദ്വാര",
   "district.Madhya Pradesh.Morena":"മൊറീന",
   "district.Madhya Pradesh.Khargone":"ഖാർഗോൺ",
   "district.Madhya Pradesh.Barwani":"ബാർവാനി",
   "district.Madhya Pradesh.Betul":"ബെതുൽ",
   "district.Madhya Pradesh.Vidisha":"വിദിഷ",
   "district.Madhya Pradesh.Other Region*":"മറ്റ് പ്രദേശം *",
   "district.Madhya Pradesh.Sheopur":"ഷിയോപൂർ",
   "district.Madhya Pradesh.Khandwa":"ഖണ്ട്വ",
   "district.Madhya Pradesh.Dhar":"ധാർ",
   "district.Madhya Pradesh.Hoshangabad":"ഹോഷംഗാബാദ്",
   "district.Madhya Pradesh.Raisen":"റെയ്സൺ",
   "district.Madhya Pradesh.Dewas":"ദേവാസ്",
   "district.Madhya Pradesh.Sagar":"സാഗർ",
   "district.Madhya Pradesh.Shajapur":"ഷാജാപൂർ",
   "district.Madhya Pradesh.Ratlam":"രത്‌ലം",
   "district.Madhya Pradesh.Mandsaur":"മമനർ",
   "district.Madhya Pradesh.Tikamgarh":"ടിക്കാംഗഡ്",
   "district.Madhya Pradesh.Burhanpur":"ബുർഹാൻപൂർ",
   "district.Madhya Pradesh.Neemuch":"നിമുച്ച്",
   "district.Madhya Pradesh.Anuppur":"അനുപുർ",
   "district.Madhya Pradesh.Harda":"ഹെയർഡ",
   "district.Madhya Pradesh.Shahdol":"ഷാഡോൾ",
   "district.Madhya Pradesh.Rewa":"രേവ",
   "district.Madhya Pradesh.Ashoknagar":"അശോക്നഗർ",
   "district.Madhya Pradesh.Dindori":"ദിൻഡോറി",
   "district.Madhya Pradesh.Panna":"പന്ന",
   "district.Madhya Pradesh.Jhabua":"ജാബുവ",
   "district.Bihar.Munger":"മുങെർ",
   "district.Bihar.Patna":"പട്ന",
   "district.Bihar.Siwan":"സിവാൻ",
   "district.Bihar.Nalanda":"നളന്ദ",
   "district.Bihar.Lakhisarai":"ലഖിസാരായി",
   "district.Bihar.Gopalganj":"ഗോപാൽഗഞ്ച്",
   "district.Bihar.Gaya":"ഗയ",
   "district.Bihar.Begusarai":"ബെഗുസാരായി",
   "district.Bihar.Saran":"സരൺ",
   "district.Bihar.Bhagalpur":"ഭാഗൽപൂർ",
   "district.Bihar.Nawada":"നവാഡ",
   "district.Bihar.Buxar":"ബുക്സാർ",
   "district.Bihar.Bhojpur":"ഭൊജ്പുർ",
   "district.Bihar.Rohtas":"റോഹ്താസ്",
   "district.Bihar.Kaimur":"കൈമൂർ",
   "district.Bihar.Khagaria":"ഖഗാരിയ",
   "district.Bihar.Saharsa":"സഹർസ",
   "district.Bihar.Supaul":"സുപോൾ",
   "district.Bihar.Madhubani":"മധുബാനി",
   "district.Bihar.Aurangabad":"രംഗബാദ്",
   "district.Bihar.West Champaran":"വെസ്റ്റ് ചമ്പാരൻ",
   "district.Bihar.Katihar":"കതിഹാർ",
   "district.Bihar.East Champaran":"കിഴക്കൻ ചമ്പാരൻ",
   "district.Bihar.Samastipur":"സമസ്തിപൂർ",
   "district.Bihar.Sitamarhi":"സീതാമർഹി",
   "district.Bihar.Arwal":"അർവാൾ",
   "district.Bihar.Darbhanga":"ധാർ ബംഗ",
   "district.Bihar.Jehanabad":"ജെഹാനാബാദ്",
	"district.Bihar.Banka":"ബാങ്ക്",
	"district.Bihar.Sheohar":"ഷിയോഹർ",
    "district.Bihar.Araria":"അരിയ",
   "district.Bihar.Madhepura":"മാധേപുര",
  "district.Bihar.Purnia":"പൂർണ്ണിയ",
   "district.Bihar.Kishanganj":"കിഷൻഗഞ്ച്",
    "district.Bihar.Sheikhpura":"ഷെയ്ക്ക് പുര",
   "district.Manipur.Imphal West":"ഇംഫാൽ വെസ്റ്റ്",
   "district.Manipur.Unknown":"അജ്ഞാതം",
   "district.Mizoram.Aizawl":"ഐസ്വാൾ",
   "district.Goa.North Goa":"നോർത്ത് ഗോവ",
    "district.Goa.South Goa":"തെക്കൻ ഗോവ",
   "district.Goa.Unknown":"അജ്ഞാതം",
   "district.Andaman and Nicobar Islands.South Andaman":"സൗത്ത് ആൻഡമാൻ",
   "district.Andaman and Nicobar Islands.North and Middle Andaman":"നോർത്ത് ആൻഡ് മിഡിൽ ആൻഡമാൻ",
   "district.Andaman and Nicobar Islands.Unknown":"അജ്ഞാതം",
   "district.Jharkhand.Ranchi":"റാഞ്ചി",
   "district.Jharkhand.Hazaribagh":"ഹസാരിബാഗ്",
   "district.Jharkhand.Bokaro":"ബൊക്കാരോ",
   "district.Jharkhand.Kodarma":"കോദർമ",
   "district.Jharkhand.Giridih":"ഗിരിദിഹ്",
   "district.Jharkhand.Unknown":"അജ്ഞാതം",
    "district.Jharkhand.Koderma":"കോഡെർമ",
	 "district.Jharkhand.Godda":"ഗോഡ്ഡ",
	  "district.Jharkhand.Jamtara":"ജംതാര",
	   "district.Jharkhand.Dumka":"ഡുംക",
	    "district.Jharkhand.Garhwa":"ഗർവ",
		  "district.Jharkhand.Palamu":"പാലാമു",
		    "district.Jharkhand.Deoghar":"ദിയോഘർ",
   "district.Assam.Cachar":"കാച്ചർ",
   "district.Assam.Kamrup Metropolitan":"കമ്രൂപ് മെട്രോപൊളിറ്റൻ",
   "district.Assam.Jorhat":"ജോർഹത്ത്",
   "district.Assam.Goalpara":"ഗോൾപാറ",
   "district.Assam.Nalbari":"നൽബാരി",
   "district.Assam.South Salmara Mankachar":"സല്മ മനർ",
   "district.Assam.Kamrup":"കമ്രുപ്",
   "district.Assam.Morigaon":"മോറിഗാവ്",
   "district.Assam.Golaghat":"ഗോലഘട്ട്",
   "district.Assam.Lakhimpur":"ലഖിംപൂർ",
   "district.Assam.Dhubri":"ദുബ്രി",
   "district.Assam.Karimganj":"കരിംഗഞ്ച്",
   "district.Assam.Kokrajhar":"കൊക്രാജർ",
   "district.Assam.Hailakandi":"ഹൈലകണ്ടി",
   "district.Arunachal Pradesh.Lohit":"ലോഹിത്",
   "district.Dadra and Nagar Haveli.Unknown":"അജ്ഞാതം",
   "district.Tripura.Gomati":"ഗോമാതി",
     "district.Tripura.Dhalai":"ദലൈ",
   "district.Tripura.North Tripura":"നോർത്ത് ത്രിപുര",
   "district.Nagaland.Dimapur":"ദിമാപൂർ",
   "district.Meghalaya.East Khasi Hills":"ഈസ്റ്റ് ഖാസി ഹിൽസ്",
   "district.Maharashtra.Unknown":"അജ്ഞാതം",
   "district.Madhya Pradesh.Unknown":"അജ്ഞാതം",
   "district.Madhya Pradesh.Satna":"സ്റ്റ്ന",
   "district.Uttar Pradesh.Unknown":"അജ്ഞാതം",
   "district.Gujarat.Narmada":"നർമ്മദ",
   "district.Gujarat.Botad":"ബൊറ്റദ്",
   "district.Gujarat.Kheda":"ഖേഡ",
   "district.Telangana.Kumuram Bheem Asifabad":"കുമുരം ഭീം ആസിഫാബാദ്",
   "district.Himachal Pradesh.Unknown":"അജ്ഞാതം",
   "Langauge":"നിങ്ങളുടെ ഭാഷ തിരഞ്ഞെടുക്കുക",
   "Home":"ഹൊം",
   "Statistics":"ഗ്രാഫ്",
   "Services":"സേവനങ്ങള്",
   "Comming Soon":"ഉടൻ വരുന്നു!",
   "district.Maharashtra.Chandrapur":"ചന്ദ്രപുർ",
   "district.Madhya Pradesh.Alirajpur":"അലിരാജ്പൂർ",
   "district.Gujarat.Aravalli":"അരവള്ളി",
   "district.Gujarat.Mahisagar":"മഹിസാഗർ",
   "district.Bihar.Vaisha":"വൈഷ",
   "district.Jharkhand.Simdega":"സിംദേഗ",
   "district.Jharkhand.Dhanbad":"ധൻബാദ്",
   "district.Meghalaya.Unknown":"അജ്ഞാതം",
   "LockDown Remaining Days":"ശേഷിക്കുന്ന ദിവസങ്ങൾ ",
   "MIHY":"മിഹി",
   "Covid 19 tracker":"കൂവിഡ്  19  ട്രാക്കർ",
   "Successful shared":"വിജയിച്ചു പങ്കിട്ടു",
   "INDIA - TOTAL CASES":"ഇന്ത്യ- ആകെ  കേസുകൾ",
   "PATIENT GENDER":"രോഗിയുടെ  ലിംഗഭേദം",
   "Male":"ആൺ",
   "Female":"പെൺ",
   "Awaiting Details":"കാത്തിരിക്കുന്നു   വിശദാംശങ്ങൾ",
   "Total Cases":"ആകെ  കേസുകൾ",
   "INDIA - DAILY CASES":"ഇന്ത്യ - ദിവസേന  കേസുകൾ",
   "PATIENT AGE":"രോഗിയുടെ പ്രായം",
   "Cases":"കേസുകൾ",
   "FAQQuestion1":"നിങ്ങൾഔദോഗികമായ?",
   "FAQAnswer1":"ഇല്ല",
   "FAQQuestion2":"നിങ്ങൾ ആരാണ്",
   "FAQAnswer2":"നിരവധി ഉറവി ടങ്ങളിൽ  നിന്നുള്ള  ഡാറ് റ ക് യൂ റേറ് റ് ചെയ് യു കയും പരി ശോ ധി ക് കു കയും ചെയ് യു ന് ന സമർപ് പി ത സന് നദ് ധപ് രവർത് തകരു ടെ ഒരു കൂ ട് ടമാ ണ് ഞങ് ങൾ.പ് രാ ദേശി കവും കമ് മ് യൂ ണി റ് റി പ് രക് ഷേപണവും യാ ത് രാ ചരി ത് രവും നി ലയും തി രി ച് ചറി യു ന് നതി ന് ഒരു രോ ഗി യു ടെ മറ് റ് രോ ഗി കളു മാ യു ള് ള ബന് ധം പോ ലു ള് ള വി ശദാം ശങ് ങൾ ഞങ് ങൾ എക്‌ സ്‌ ട് രാ ക് റ് റു ചെയ് യു ന് നു രോ ഗി കളെ സംബന് ധി ച് ച് വ് യക് തി പരമാ യി തി രി ച് ചറി യാ ൻ കഴി യു ന് ന ഡാ റ് റ ഞങ് ങൾ ഒരി ക് കലും ശേഖരി ക് കു കയോ വെളി പ് പെടു ത് തു കയോ ഇല് ല ",
   "FAQQuestion3":"നിങ്ങളുടെ ഉറവിടങ്ങൾ എന്തൊക്കെയാണ്? ഈ പ്രോജക്റ്റിനായി ഡാ റ് റ എങ് ങനെ ശേഖരി ക് കും ? ",
   "FAQAnswer3":"https://api.covid19india.org/ -  ഞങ് ങളു ടെ നമ് പറു കൾ അപ്‌ ഡേറ് റ് ചെയ് യു ന് നതി ന് ഞങ് ങൾ സ് റ് റേറ് റ് ബു ള് ളറ് റി നു കളും യഥാ ർത് ഥ ദ് യോ ഗി ക ഹാ ൻഡി ലു കളും ഉപയോ ഗി ക് കു ന് നു.ഡാ റ് റ ഒരു കൂ ട് ടം സന് നദ് ധപ് രവർത് തകർ സാ ധൂ കരി ക് കു കയും ഒരു Google ഷീ റ് റി ലും API - ലും പ് രസി ദ് ധീ കരി ക് കു കയും ചെയ് യു ന് നു ",
   "FAQQuestion4":"എന്തുകൊണ്ടാണ് ഞങ്ങളുടെ അപ്ലിക്കേഷന് MoH നേക്കാൾ പോസിറ്റീവ് എണ്ണം ഉള്ളത്?",
   "FAQAnswer4":"MoHFW ഒരു നി ശ് ചി ത സമയത് ത് ഡാ റ് റ അപ്‌ ഡേറ് റു ചെയ് യു ന് നു.എന് നി രു ന് നാ ലും സംസ് ഥാ ന പ് രസ് ബു ള് ളറ് റി നു കളെ അടി സ് ഥാ നമാ ക് കി ഞങ് ങൾ അവ അപ്‌ ഡേറ് റു ചെയ് യു ന് നു,official ദ് യോ ഗി ക(മു ഖ് യമന് ത് രി,ആരോ ഗ് യ മന് ത് രാ ലയം) പി‌ ബി‌ ഐ കൈകാ ര് യം ചെയ് യു ന് നു,പ് രസ് ട് രസ് റ് റ് ഓഫ് ഇന് ത് യ,ANI റി പ് പോ ർട് ടു കൾ.ഇവ പൊ തു വെ ഏറ് റവും പു തി യതാ ണ്",
   "FAQ":"പതിവുചോദ്യങ്ങൾ",
   "AboutUS":"ഞങ്ങളേക്കുറിച്ച്",
   "FeedBack":"ഫീഡ്ബാക്ക്",
   "User Name:":"ഉപയോക്തൃനാമം   :",
   "User Description:":"ഉപയോക്തൃ വിവരണം",
   "SUBMIT":"സമർപ്പിക്കുക",
   "About US & FAQ":"വിവരം",
   
   "district.Rajasthan.Sawai Madhopur":"സവായ് മാധോപൂർ",
   "district.Madhya Pradesh.Agar Malwa":"അഗർ മാൽവ",
   "district.Jammu and Kashmir.Anantnag":"അന്നാനംഗ്",
   "district.Punjab.Firozpur":"ഫിറോസ്പൂർ",
   "district.Bihar.Vaishali":"വൈശാലി",
   "district.Odisha.Baleshwar":"ബലെഷ്വർ",
   "district.Manipur.Imphal East":"ഇമ്ഫൽ ഈസ്റ്റ്",
   
   "World Covid 19 cases": "ലോക കോവിഡ് 19 കേസുകൾ",
"World Cases": "ലോക കേസുകൾ",
"country.USA" : "അമേരിക്ക" ,
"country.Spain" :"സ്പെയിൻ",
"country.Italy":"ഇറ്റലി",
"country.France": "ഫ്രാൻസ്",
"country.Germany" : "ജർമ്മനി",
"country.UK": "യുകെ",
"country.Turkey":"ടർക്കി",
"country.Iran" : "ഇറാൻ",
"country.China" : "ചൈന",
"country.Russia" : "റഷ്യ",
"country.Brazil" :"ബ്രസീൽ",
"country.Belgium" : "ബെൽജിയം",
"country.Canada" : "കാനഡ",
"country.Netherlands" : "നെതർലാന്റ്സ്",
"country.Switzerland" :"സ്വിറ്റ്സർലൻഡ്",
"country.Portugal" :"പോർച്ചുഗൽ",
"country.India" : "ഇന്ത്യ",
"country.Peru" : "പെറു",
"country.Ireland" : "അയർലാൻഡ്",
"country.Sweden": "സ്വീഡൻ",
"country.Austria" : "ഓസ്ട്രിയ",
"country.Isreael" : "ഇസ്രായേൽ",
" country.Saudi Arabia" : "സൗദി അറേബ്യ",
"country.Japan" : "ജപ്പാൻ",
"country.Chile": "ചിലി",
"country.Ecuador" : "ഇക്വഡോർ",
"country.S Korea": "എസ്. കൊറിയ",
"country.Mexico": "മെക്സിക്കോ",
"country.Pakistan" :"പാകിസ്ഥാൻ",
"country.Poland" : "പോളണ്ട്",
"country.Singapore": "സിംഗപ്പൂർ",
"country.Romania" : "റൊമാനിയ",
"country.UAE": "യുഎഇ",
"country.Denmark": "ഡെൻമാർക്ക്",
"country.Indonesia": "ഇന്തോനേഷ്യ",
"country.Norway" : "നോർവേ",
"country.Belarus":"ബെലാറസ്",
"country.Qatar" : "ഖത്തർ",
"country.Czechia" : "ചെക്കിയ",
"country.Serbia" : "സെർബിയ",
"country.Philippines": "ഫിലിപൈൻസ്",
"country.Australia" : "ഓസ്‌ട്രേലിയ",
"country.Ukraine": "ഉക്രെയ്ൻ",
"country.Malaysia" : "മലേഷ്യ",
"country.Dominican Republic" : "ഡൊമിനിക്കന് റിപ്പബ്ലിക്ക്",
"country.Panama" : "പനാമ",
"country.Colombia" : "കൊളംബിയ",
"country.Finland": "ഫിൻ‌ലാൻ‌ഡ്",
"country.Bangladesh" : "ബംഗ്ലാദേശ് ",
"country.Egypt" : "ഈജിപ്റ്റ്",
"country.Luxembourg" :"ലക്സംബർഗ്",
"country.South Africa" : "എസ് ആഫ്രിക്ക  ",
"country.Morocco": " മൊറോക്കോ",
"country.Argentina" : "അർജന്റീന",
"country.Algeria": "അൾജീരിയ",
"country.Thailand" : "തായ്ലൻഡ്",
"country.Moldova" : "മോൾഡോവ",
"country.Greece" : "ഗ്രീസ്",
"country.Kuwait" : "കുവൈറ്റ്",
"country.Kazakhstan" : "കസാക്കിസ്ഥാൻ",
"country.Hungary" : "ഹംഗറി",
"country.Bahrain" : "ബഹ്‌റൈൻ",
"country.Croatia" : "ക്രൊയേഷ്യ",
"country.Iceland" : "ഐസ്‌ലാന്റ്",
"country.Uzbekistan" : "ഉസ്ബെക്കിസ്ഥാൻ",
"country.Iraq" : "ഇറാഖ്",
"country.Oman" : "ഒമാൻ",
"country.Estonia" : "എസ്റ്റോണിയ" ,
"country.Azerbaijan" : "അസർബൈജാൻ",
"country.Armenia" : "അർമേനിയ",
"country.New Zealand" : "ന്യൂസിലാന്റ്",
"country.Lithuania" : "ലിത്വാനിയ",
"country.Bosnia" : "ബോസ്നിയ",
"country.Slovenia" : "സ്ലൊവേനിയ",
"country.Macedonia" : "മാസിഡോണിയ",
"country.Slovakia" : "സ്ലൊവാക്യ",
"country.Cuba" : "ക്യൂബ",
"country.Afghanistan" : "അഫ്ഗാനിസ്ഥാൻ",
"country.Cameroon" : "കാമറൂൺ",
"country.Ghana" : "ഘാന",
"country.Hong Kong": "ഹോങ്കോംഗ്",
"country.Bulgaria" : "ബൾഗേറിയ",
"country.Djibouti" : "ജിബൂട്ടി",
"country.Cote  d'lvoire" : "ഐവറി കോസ്റ്റ്",
"country.Tunisia" : "ടുണീഷ്യ",
"country.Nigeria" : "നൈജീരിയ",
"country.Cyprus" : "സൈപ്രസ്",
"country.Guinea" : "ഗ്വിനിയ",
"country.Latvia" : "ലാത്വിയ",
"country.Andorra" : "അൻഡോറ",
"country.Diamond Princess" : "ഡയമണ്ട് പ്രിൻസ്",
"country.Lebanon" : "ലെബനൻ",
"country.Costa Rica" : "കോസ്റ്റാറിക്ക",
"country.Bolivia" : "ബൊളീവിയ",
"country.Niger": "നൈഗർ",
"country.Albania" : "അൽബേനിയ",
"country.Kyrgyzstan" : "കിർഗിസ്ഥാൻ",
"country.Burkina Faso" : "ബുർക്കിന ഫാസോ",
"country.Uruguay" : "ഉറുഗ്വേ",
"country.Honduras" : "ഹോണ്ടുറാസ്",
"country.Channel Islands" : "ചാനൽ ദ്വീപുകൾ",
"country.San Marino" : "സാൻ മറിനോ",
"country.Palestine" : "പാലസ്തീൻ",
"country.Malta" : "മാൾട്ട",
"country.Senegal" : "സെനഗൽ",
"country.Jordan" : "ജോർദാൻ",
"country.Taiwan" : "തായ്‌വാൻ",
"country.Georgia" : "ജോർജിയ",
"country.Re union" : "റി യൂണിയൻ",
"country.DRC": "ഡീ റീ സിസി",
"country.Guatemala" : "ഗൗട്ടെമല",
"country.Sri Lanka" : "ശ്രീലങ്ക",
"country.Mauritius" : "മൗറീഷ്യസ് ",
"country.Mayotte"  : "മയൊത്തി",
"country.Montenegro" : "മോണ്ടിനെഗ്രോ",
"country.Isle of Man" : "ഐൽ ഓഫ് മാൻ",
"country.Kenya" : "കെനിയ",
"country.Venezuela" : "വെനിസ്വേല",
"country.Mali" : "മാലി",
"country.Somalia" : "സൊമാലിയ",
"country.Tanzania" : "ടാൻസാനിയ",
"country.Vietnam" : "ടാൻസാനിയ",
"country.Jamaica"  : "ജമൈക്ക",
"country.El Salvador":"എൽ സാൽവഡോർ",
"country.Paraguay" : "പരാഗ്വേ",
"country.Congo" : "കോംഗോ",
"country.Faroe Islands" : "ഫറോ ദ്വീപുകൾ",
"country.Gabon" : "ഗാബോൺ",
"country.Martinique" : "മാർട്ടിനിക്",
"country.Sudan" :" സുഡാൻ",
"country.Rwanda": "റുവാണ്ട",
"country.Guadeloupe" :"ഗ്വാഡലൂപ്പ്",
"country.Brunei": "ബ്രൂണൈ",
"country.Gibraltar" :"ജിബ്രാൾട്ടർ",
"country.Myanmar": "മ്യാൻമർ",
"country.Cambodia": "കംബോഡിയ",
"country.Madagascar" : "മഡഗാസ്കർ",
"country.Ethiopia" : "എത്യോപ്യ",
"country.Trinidad and Tobago" : "ട്രിനിഡാഡ് ആൻഡ് ടൊബാഗോ",
"country.French Guiana": "ഫ്രഞ്ച് ഗയാന",
"country.Liberia" :"ലൈബീരിയ",
"country.Aruba" : "അറുബ",
"country.Bermuda":"ബെർമുഡ",
"country.Monaco": "മൊണാക്കോ",
"country.Togo" : "ടോഗോ",
"country.Maldives": "മാലിദ്വീപ്",
"country.Equatorial Guinea" :"ഇക്വറ്റോറിയൽ ഗിനിയ",
"country.Liechtenstein" :"ലിച്ചെൻ‌സ്റ്റൈൻ",
"country.Barbados":"ബാർബഡോസ്",
"country.Zambia" : "സാംബിയ",
"country.Cabo verde":"കേപ്പ് വെർഡെ",
"country.Sint Maarten" :"വിശുദ്ധ മാർട്ടിൻ",
"country.Guyana" : "ഗയാന",
"country.Cayman Islands" : "കേമാൻ ദ്വീപുകൾ",
"country.Bahamas" : "ബഹാമസ്",
"country.Uganda": "ഉഗാണ്ട",
"country.Haiti" : "ഹെയ്തി",
"country.Sierra Leone" :"സിയറ ലിയോൺ",
"country.Libyan Arab Jamahiriya ":"ലിബിയൻ അറബ് ജമാഹിരിയ",
"country.French Polynesia" : "ഫ്രഞ്ച് പോളിനേഷ്യ",
"country.Benin": "ബെനിൻ",
"country.Guinea-Bissau":"ഗിനി-ബിസൗ",
"country.Nepal": "നേപ്പാൾ",
"country.Macao" : "മക്കാവോ",
"country.Syrian Arab Republic" :"സിറിയൻ അറബ് റിപ്പബ്ലിക്",
"country.Mozambique" :"മൊസാംബിക്ക്",
"country.Eritrea" : "എറിത്രിയ",
"country.Saint Martin" :"വിശുദ്ധ മാർട്ടിൻ",
"country.Mongolia" : "മംഗോളിയ",
"country.Chad" : "ചാർജ്",
"country.Swaziland":"സ്വാസിലാൻഡ്",
"country.Zimbabwe" : "സിംബാബ്‌വെ",
"country.Angola" : "അംഗോള",
"country.Antigua and Barbuda" : "ആന്റിഗ്വയും ബാർബുഡയും",
"country.Malawi" : "മലാവി",
"country.Timor- Leste" :"തിമോർ- ലെസ്റ്റെ",
"country.Botswana" :"ബോട്സ്വാന",
"country.Lao People's Democratic Republic":"ലാവോ പീപ്പിൾസ് ഡെമോക്രാറ്റിക് റിപ്പബ്ലിക്",
"country.Belize" :"ബെലീസ്",
"country.Fiji" : "ഫിജി",
"country.New Caledonia" : "ന്യൂ കാലിഡോണിയ",
"country.Dominica" : "ഡൊമിനിക്ക",
"country.Namibia": "നമീബിയ",
"country.Grenada" : "ഗ്രനേഡ",
"country.Saint Vincent and the Grenadines":"സെന്റ് വിൻസെന്റും ഗ്രനേഡൈൻസും",
"country.Burundi" : "ബുറുണ്ടി",
"country.Falkland Islands (Malvinas)" :"ഫോക്ക്‌ലാന്റ് ദ്വീപുകൾ (മാൽവിനാസ്)",
"country.Greenland" : "ഗ്രീൻലാൻഡ്",
"country.Montserrat" : "മോണ്ട്സെറാത്ത്",
"country.Seychelles" : "സീഷെൽസ്",
"country.Turks and Caicos Islands" : "തുർക്കുകളും കൈക്കോസ് ദ്വീപുകളും",
"country.Gambia" : "ഗാംബിയ",
"country.Nicaragua" : "നിക്കരാഗ്വ",
"country.Suriname" : "സുരിനാം",
"country.Holy See(Vatican  City State)" : "ഹോളി സീ (വത്തിക്കാൻ സിറ്റി സ്റ്റേറ്റ്)",
"country.MS Zaandam": "മിസ്  സാന്ദം",
"country.Papua New Guinea" :"പാപുവ ന്യൂ ഗ്വിനിയ",
"country.Bhutan" : "ഭൂട്ടാൻ",
"country.Mauritania" : "മൗറിറ്റാനിയ",
"country.St. Barth" : "സെന്റ് ബാർട്ട്",
"country.Western Sahara" :"പടിഞ്ഞാറൻ സഹാറ",
"country.British Virgin Islands" : "ബ്രിട്ടീഷ് വിർജിൻ ദ്വീപുകൾ",
"country.Caribbean Netherlands" :" കരീബിയൻ നെതർലാന്റ്സ്",
"country.Sao Tome and Principe" : "സാവോ ടോമും പ്രിൻസിപ്പിയും",
"country.South Sudan" : "ദക്ഷിണ സുഡാൻ",
"country.Anguilla" : "അംഗുയില",
"country.Saint Pierre Miquelon" : "സെന്റ് പിയറി മൈക്വലോൺ",
"country.Yemen" : "യെമൻ",
"country.Central African Republic" : "മധ്യ ആഫ്രിക്കൻ റിപ്പബ്ലിക്",
"country.Libyan Arab Jamahiriya" : "ലിബിയൻ അറബ് ജമാഹിരിയ",
"country.Timor-Leste":"തിമോർ-ലെസ്റ്റെ",
"country.Saint Kitts and Nevis":"സെന്റ് കിറ്റ്സും നെവിസും",
"country.Comoros":"കോമോറോസ്",
"country.Curaçao":"കുറകാവോ",
"country.Holy See (Vatican City State)":"ഹോളി സീ വത്തിക്കാൻ നഗരം",
"country.Saint Lucia":"സെയിന്റ് ലൂസിയ",
"country.Cabo Verde":"കേപ്പ് വെർഡെ",
"country.Réunion":"റീ യൂണിയൻ",
"country.Tajikistan":"താജിക്കിസ്ഥാൻ",
"country.Israel":"ഇസ്രായേൽ",
"country.S. Korea":"ദക്ഷിണ കൊറിയ",
"country.Saudi Arabia":"സൗദി അറേബ്യ"


}