{
  "appNameOne": "कोविद",
  "appNameTwo": "19",
  "language.header": "भाषा",
  "language.subheader": "अपनी भाषा चुनें",
  "dashboard.your-area": "आपका क्षेत्र",
  "dashboard.cuntry-status-header": "देश ट्रैकर",
  "dashboard.toplist": "स्टेट ट्रैकर",
  "dashboard.top-district-list": "डिस्ट्रिक्ट ट्रैकर",
  "confirmed": "पुष्टि",
  "active": "सक्रिय",
  "recovered": "बरामद",
  "deaths": "मौतें",
  "state.Maharashtra": "महाराष्ट्र",
  "state.Total": "कुल",
  "state.Delhi": "दिल्ली",
  "state.Tamil Nadu": "तमिल नाडु",
  "state.Rajasthan": "राजस्थान",
  "state.Madhya Pradesh": "मध्य प्रदेश",
  "state.Uttar Pradesh": "उत्तर प्रदेश",
  "state.Gujarat": "गुजरात",
  "state.Telangana": "तेलंगाना",
  "state.Andhra Pradesh": "आंध्र प्रदेश",
  "state.Kerala": "केरल",
  "state.Jammu and Kashmir": "जम्मू और कश्मीर",
  "state.Karnataka": "कर्नाटक",
  "state.Haryana": "हरियाणा",
  "state.West Bengal": "पश्चिम बंगाल",
  "state.Punjab": "पंजाब",
  "state.Bihar": "बिहार",
  "state.Odisha": "ओडिशा",
  "state.Uttarakhand": "उत्तराखंड",
  "state.Chhattisgarh": "छत्तीसगढ़",
  "state.Himachal Pradesh": "हिमाचल प्रदेश",
  "state.Assam": "असम",
  "state.Jharkhand": "झारखंड",
  "state.Chandigarh": "चंडीगढ़",
  "state.Ladakh": "लद्दाख",
  "state.Andaman and Nicobar Islands": "अंडमान और निकोबार द्वीप समूह",
  "state.Goa": "गोवा",
  "state.Puducherry": "पांडिचेरी",
  "state.Manipur": "मणिपुर",
  "state.Tripura": "त्रिपुरा",
  "state.Mizoram": "मिज़ोरम",
  "state.Arunachal Pradesh": "अरुणाचल प्रदेश",
  "state.Dadra and Nagar Haveli": "दादरा और नगर हवेली",
  "state.Nagaland": "नागालैंड",
  "state.Meghalaya": "मेघालय",
  "state.Daman and Diu": "दमन और दीव",
  "state.Lakshadweep": "लक्षद्वीप",
  "state.Sikkim": "सिक्किम",
  "dashboard.view-district": "जिला देखें",
  "district.Kerala.Thrissur": "त्रिशूर",
  "district.Kerala.Alappuzha": "अलाप्पुझा",
  "district.Kerala.Kasaragod": "कासरगोड",
  "district.Kerala.Pathanamthitta": "पठानमथिट्टा",
  "district.Kerala.Kannur": "कन्नूर",
  "district.Kerala.Ernakulam": "एरनाकुलम",
  "district.Kerala.Kottayam": "कोट्टायम",
  "district.Kerala.Thiruvananthapuram": "तिरुवनंतपुरम",
  "district.Kerala.Idukki": "इडुक्की",
  "district.Kerala.Malappuram": "मलप्पुरम",
  "district.Kerala.Kozhikode": "कोझीकोड",
  "district.Kerala.Palakkad": "पलक्कड़",
  "district.Kerala.Wayanad": "वायनाड",
  "district.Kerala.Kollam": "कोल्लम",
  "district.Delhi.East Delhi": "पूर्वी दिल्ली",
  "district.Delhi.South West Delhi": "साउथ वेस्ट दिल्ली",
  "district.Delhi.West Delhi": "वेस्ट दिल्ली",
  "district.Delhi.North Delhi": "नॉर्थ दिल्ली",
  "district.Delhi.New Delhi": "नई दिल्ली",
  "district.Delhi.South Delhi": "दक्षिण दिल्ली",
  "district.Delhi.North East Delhi": "नॉर्थ ईस्ट दिल्ली",
  "district.Delhi.North West Delhi": "नॉर्थ वेस्ट दिल्ली",
  "district.Delhi.Unknown": "अज्ञात",
  "district.Telangana.Hyderabad": "हैदराबाद",
  "district.Telangana.Karimnagar": "करीमनगर",
  "district.Telangana.Bhadradri Kothagudem": "भद्रादि कोठगुदेम",
  "district.Telangana.Ranga Reddy": "रंगा रेड्डी",
  "district.Telangana.Medchal Malkajgiri": "मेडचल मल्कजगिरी",
  "district.Telangana.Unknown": "अज्ञात",
  "district.Telangana.Rajanna Sircilla": "राजन्ना सिरसिला",
  "district.Telangana.Khammam": "खम्मम",
  "district.Telangana.Warangal Urban": "वारंगल अर्बन",
  "district.Telangana.Vikarabad": "विकाराबाद",
  "district.Telangana.Suryapet": "सूर्यपेट",
  "district.Telangana.Siddipet": "सिद्दीपेट",
  "district.Telangana.Sangareddy": "संगारेड्डी",
  "district.Telangana.Nizamabad": "निजामाबाद",
  "district.Telangana.Medak": "मेदक",
  "district.Telangana.Mahabubnagar": "महबूबनगर",
  "district.Telangana.Mahabubabad": "महबूबबाद",
  "district.Telangana.Adilabad": "आदिलाबाद",
  "district.Telangana.Nirmal": "निर्मल",
  "district.Telangana.Peddapalli": "पेद्दापल्ली",
  "district.Telangana.Jagitial": "जागृति",
  "district.Telangana.Jogulamba Gadwal": "जोगुलम्बा गडवाल",
  "district.Telangana.Nalgonda": "नलगोंडा",
  "district.Telangana.Nagarkurnool": "नागरकुर्नूल",
  "district.Telangana.Mulugu": "मुलुगु",
  "district.Telangana.Kamareddy": "कामारेड्डी",
  "district.Telangana.Jayashankar": "जयशंकर",
  "district.Telangana.Jangoan": "जांगो",
  "district.Rajasthan.Italians*": "इटालियंस *",
  "district.Rajasthan.Jaipur": "जयपुर",
  "district.Rajasthan.Jhunjhunu": "झुंझुनू",
  "district.Rajasthan.Bhilwara": "भीलवाड़ा",
  "district.Rajasthan.Jodhpur": "जोधपुर",
  "district.Rajasthan.Pali": "पाली",
  "district.Rajasthan.Sikar": "सीकर",
  "district.Rajasthan.Pratapgarh": "प्रतापगढ़",
  "district.Rajasthan.Dungarpur": "डूंगरपुर",
  "district.Rajasthan.Churu": "चूरू",
  "district.Rajasthan.Ajmer": "अजमेर",
  "district.Rajasthan.Evacuees": "एवेक्यूज़",
  "district.Rajasthan.Alwar": "अलवर",
  "district.Rajasthan.Tonk": "टोंक",
  "district.Rajasthan.Dhaulpur": "धौलपुर",
  "district.Rajasthan.Udaipur": "उदयपुर",
  "district.Rajasthan.Bharatpur": "भरतपुर",
  "district.Rajasthan.Bikaner": "बीकानेर",
  "district.Rajasthan.Dausa": "दौसा",
  "district.Rajasthan.Banswara": "बांसवाड़ा",
  "district.Rajasthan.Karauli": "करौली",
  "district.Rajasthan.Nagaur": "नागौर",
  "district.Rajasthan.Jaisalmer": "जैसलमेर",
  "district.Rajasthan.Kota": "कोटा",
  "district.Rajasthan.Jhalawar": "झालावाड़",
  "district.Rajasthan.Barmer": "बाड़मेर",
  "district.Rajasthan.Hanumangarh": "हनुमानगढ़",
  "district.Rajasthan.Evacuees*": "एवेक्यूज *",
  "district.Haryana.Italians*": "इटालियंस *",
  "district.Haryana.Gurugram": "गुरुग्राम",
  "district.Haryana.Faridabad": "फरीदाबाद",
  "district.Haryana.Panipat": "पानीपत",
  "district.Haryana.Panchkula": "पंचकुला",
  "district.Haryana.Sonipat": "सोनीपत",
  "district.Haryana.Palwal": "पलवल",
  "district.Haryana.Ambala": "अम्बाला",
  "district.Haryana.Sirsa": "सिरसा",
  "district.Haryana.Hisar": "हिसार",
  "district.Haryana.Rohtak": "रोहतक",
  "district.Haryana.Nuh": "नूं",
  "district.Haryana.Karnal": "करनाल",
  "district.Haryana.Bhiwani": "भिवानी",
  "district.Haryana.Kaithal": "कैथल",
  "district.Haryana.Charki Dadri": "चरखी दादरी",
  "district.Haryana.Jind": "जींद",
  "district.Haryana.Fatehabad": "फतेहाबाद",
  "district.Haryana.Kurukshetra": "कुरुक्षेत्र",
  "district.Haryana.Yamunanagar": "यमुनानगर",
  "district.Uttar Pradesh.Agra": "आगरा",
  "district.Uttar Pradesh.Ghaziabad": "गाजियाबाद",
  "district.Uttar Pradesh.Lucknow": "लखनऊ",
  "district.Uttar Pradesh.Gautam Buddha Nagar": "गौतम बुद्ध नगर",
  "district.Uttar Pradesh.Kheri": "खीरी",
  "district.Uttar Pradesh.Moradabad": "मुरादाबाद",
  "district.Uttar Pradesh.Varanasi": "वाराणसी",
  "district.Uttar Pradesh.Kanpur Nagar": "कानपुर नगर",
  "district.Uttar Pradesh.Pilibhit": "पीलीभीत",
  "district.Uttar Pradesh.Jaunpur": "जौनपुर",
  "district.Uttar Pradesh.Baghpat": "बागपत",
  "district.Uttar Pradesh.Shamli": "शामली",
  "district.Uttar Pradesh.Meerut": "मेरठ",
  "district.Uttar Pradesh.Bareilly": "बरेली",
  "district.Uttar Pradesh.Bulandshahr": "बुलंदशहर",
  "district.Uttar Pradesh.Basti": "बस्ती",
  "district.Uttar Pradesh.Hardoi": "हरदोई",
  "district.Uttar Pradesh.Shahjahanpur": "शाहजहाँपुर",
  "district.Uttar Pradesh.Firozabad": "फिरोजाबाद",
  "district.Uttar Pradesh.Azamgarh": "आज़मगढ़",
  "district.Uttar Pradesh.Saharanpur": "सहारनपुर",
  "district.Uttar Pradesh.Pratapgarh": "प्रतापगढ़",
  "district.Uttar Pradesh.Hapur": "हापुड़",
  "district.Uttar Pradesh.Ghazipur": "गाजीपुर",
  "district.Uttar Pradesh.Banda": "बांदा",
  "district.Uttar Pradesh.Mahrajganj": "महराजगंज",
  "district.Uttar Pradesh.Hathras": "हाथरस",
  "district.Uttar Pradesh.Mirzapur": "मिर्जापुर",
  "district.Uttar Pradesh.Rae Bareli": "रायबरेली",
  "district.Uttar Pradesh.Bara Banki": "बारा बंकी",
  "district.Uttar Pradesh.Auraiya": "औरैया",
  "district.Uttar Pradesh.Mathura": "मथुरा",
  "district.Uttar Pradesh.Budaun": "बदायूँ",
  "district.Uttar Pradesh.Kaushambi": "कौशाम्बी",
  "district.Uttar Pradesh.Bijnor": "बिजनौर",
  "district.Uttar Pradesh.Prayagraj": "प्रयागराज",
  "district.Uttar Pradesh.Sitapur": "सीतापुर",
  "district.Uttar Pradesh.Muzaffarnagar": "मुज़फ्फरनगर",
  "district.Uttar Pradesh.Amroha": "अमरोहा",
  "district.Uttar Pradesh.Rampur": "रामपुर",
  "district.Uttar Pradesh.Bhadohi": "भदोही",
  "district.Uttar Pradesh.Kasganj": "कासगंज",
  "district.Uttar Pradesh.Etawah": "इटावा",
  "district.Uttar Pradesh.Bijapur": "बीजापुर",
  "district.Uttar Pradesh.Sambhal": "संभल",
  "district.Ladakh.Leh": "लेह",
  "district.Ladakh.Kargil": "कारगिल",
  "district.Tamil Nadu.Kancheepuram": "कांचीपुरम",
  "district.Tamil Nadu.Chennai": "चेन्नई",
  "district.Tamil Nadu.Erode": "इरोड",
  "district.Tamil Nadu.Coimbatore": "कोयम्बटूर",
  "district.Tamil Nadu.Tirunelveli": "तिरुनेलवेली",
  "district.Tamil Nadu.Tiruppur": "तिरुप्पुर",
  "district.Tamil Nadu.Madurai": "मदुरै",
  "district.Tamil Nadu.Chengalpattu": "चेंगलपट्टु",
  "district.Tamil Nadu.Salem": "सलेम",
  "district.Tamil Nadu.Ranipet": "रानीपेट",
  "district.Tamil Nadu.Thanjavur": "तंजावुर",
  "district.Tamil Nadu.Vellore": "वेल्लोर",
  "district.Tamil Nadu.Virudhunagar": "विरुधुनगर",
  "district.Tamil Nadu.Karur": "करूर",
  "district.Tamil Nadu.Tiruvannamalai": "तिरुवन्नमलाई",
  "district.Tamil Nadu.Viluppuram": "विलुप्पुरम",
  "district.Tamil Nadu.Namakkal": "नमक्कल",
  "district.Tamil Nadu.Kanniyakumari": "कन्नियाकुमारी",
  "district.Tamil Nadu.Thoothukkudi": "थुथुकुडी",
  "district.Tamil Nadu.Theni": "थेनी",
  "district.Tamil Nadu.Dindigul": "डिंडीगुल",
  "district.Tamil Nadu.Sivaganga": "शिवगंगा",
  "district.Tamil Nadu.Tirupathur": "तिरुपथुर",
  "district.Tamil Nadu.Thiruvarur": "तिरुवरूर",
  "district.Tamil Nadu.Ramanathapuram": "रामनाथपुरम",
  "district.Tamil Nadu.Thiruvallur": "तिरुवल्लूर",
  "district.Tamil Nadu.Nagapattinam": "नागपट्टिनम",
  "district.Tamil Nadu.Cuddalore": "कुड्डालोर",
  "district.Tamil Nadu.Kallakurichi": "कल्लाकुरिच",
  "district.Tamil Nadu.Perambalur": "पेरम्बलुर",
  "district.Tamil Nadu.Tiruchirappalli": "तिरुचिरापल्ली",
  "district.Tamil Nadu.The Nilgiris": "नीलगिरी",
  "district.Tamil Nadu.Ariyalur": "अरियालुर",
  "district.Tamil Nadu.Tenkasi": "तेनकाशी",
  "district.Jammu and Kashmir.Jammu": "जम्मू",
  "district.Jammu and Kashmir.Srinagar": "श्रीनगर",
  "district.Jammu and Kashmir.Bandipore": "बांदीपोर",
  "district.Jammu and Kashmir.Rajouri": "राजौरी",
  "district.Jammu and Kashmir.Badgam": "बडगाम",
  "district.Jammu and Kashmir.Baramula": "बारामुला",
  "district.Jammu and Kashmir.Shupiyan": "शुपियान",
  "district.Jammu and Kashmir.Udhampur": "उधमपुर",
  "district.Jammu and Kashmir.Pulwama": "पुलवामा",
  "district.Jammu and Kashmir.Kupwara": "कुपवाड़ा",
  "district.Jammu and Kashmir.Ganderbal": "गांदरबल",
  "district.Jammu and Kashmir.Kulgam": "कुलगाम",
  "district.Jammu and Kashmir.Kishtwar": "किश्तवाड़",
  "district.Jammu and Kashmir.Samba": "सांबा",
  "district.Jammu and Kashmir.Budaun": "बदायूँ",
  "district.Karnataka.Bengaluru": "बेंगलुरु",
  "district.Karnataka.Kalaburagi": "कलाबुरागी",
  "district.Karnataka.Kodagu": "कोडागु",
  "district.Karnataka.Mysuru": "मैसूरु",
  "district.Karnataka.Dharwad": "धारवाड़",
  "district.Karnataka.Uttara Kannada": "उत्तरा कन्नड़",
  "district.Karnataka.Dakshina Kannada": "दक्षिण कन्नड़",
  "district.Karnataka.Chikkaballapura": "चिक्कबल्लपुरा",
  "district.Karnataka.Udupi": "उडुपी",
  "district.Karnataka.Davanagere": "दावणगेरे",
  "district.Karnataka.Tumakuru": "तुमकुरु",
  "district.Karnataka.Ballari": "बल्लारी",
  "district.Karnataka.Bidar": "बीदर",
  "district.Karnataka.Bagalkote": "बागलकोट",
  "district.Karnataka.Belagavi": "बेलागवी",
  "district.Karnataka.Bengaluru Rural": "बेंगलुरु ग्रामीण",
  "district.Karnataka.Gadag": "गडग",
  "district.Karnataka.Mandya": "मांड्या",
  "district.Karnataka.Vijayapura": "विजयपुरा",
  "district.Maharashtra.Pune": "पुणे",
  "district.Maharashtra.Mumbai": "मुंबई",
  "district.Maharashtra.Nagpur": "नागपुर",
  "district.Maharashtra.Ahmadnagar": "अहमदनगर",
  "district.Maharashtra.Thane": "ठाणे",
  "district.Maharashtra.Raigarh": "रायगढ़",
  "district.Maharashtra.Yavatmal": "यवतमाल",
  "district.Maharashtra.Aurangabad": "औरंगाबाद",
  "district.Maharashtra.Ratnagiri": "रत्नागिरी",
  "district.Maharashtra.Palghar": "पालघर",
  "district.Maharashtra.Sangli": "सांगली",
  "district.Maharashtra.Satara": "सतारा",
  "district.Maharashtra.Sindhudurg": "सिंधुदुर्ग",
  "district.Maharashtra.Gondiya": "गोंदिया",
  "district.Maharashtra.Kolhapur": "कोल्हापुर",
  "district.Maharashtra.Other States*": "अन्य राज्य *",
  "district.Maharashtra.Jalgaon": "जलगाँव",
  "district.Maharashtra.Buldana": "बुलदाना",
  "district.Maharashtra.Nashik": "नासिक",
  "district.Maharashtra.Osmanabad": "उस्मानाबाद",
  "district.Maharashtra.Washim": "वाशिम",
  "district.Maharashtra.Hingoli": "हिंगोली",
  "district.Maharashtra.Amravati": "अमरावती",
  "district.Maharashtra.Latur": "लातूर",
  "district.Maharashtra.Jalna": "जालना",
  "district.Maharashtra.Akola": "अकोला",
  "district.Maharashtra.Bid": "बोली",
  "district.Maharashtra.Dhule": "धुले",
  "district.Maharashtra.Solapur": "सोलापुर",
  "district.Punjab.Amritsar": "अमृतसर",
  "district.Punjab.Shahid Bhagat Singh Nagar": "शहीद भगत सिंह नगर",
  "district.Punjab.S.A.S. Nagar": "एस.ए.एस. नगर",
  "district.Punjab.Hoshiarpur": "होशियारपुर",
  "district.Punjab.Jalandhar": "जालंधर",
  "district.Punjab.Ludhiana": "लुधियाना",
  "district.Punjab.Patiala": "पटियाला",
  "district.Punjab.Rupnagar": "रूपनगर",
  "district.Punjab.Mansa": "मनसा",
  "district.Punjab.Pathankot": "पठानकोट",
  "district.Punjab.Faridkot": "फरीदकोट",
  "district.Punjab.Barnala": "बरनाला",
  "district.Punjab.Fatehgarh Sahib": "फतेहगढ़ साहिब",
  "district.Punjab.Kapurthala": "कपूरथला",
  "district.Punjab.Moga": "मोगा",
  "district.Punjab.Sri Muktsar Sahib": "श्री मुक्तसर साहिब",
  "district.Punjab.Sangrur": "संगरूर",
  "district.Punjab.Gurdaspur": "गुरदासपुर",
  "district.Andhra Pradesh.S.P.S. Nellore": "एस.पी.एस. नेल्लोर",
  "district.Andhra Pradesh.Prakasam": "प्रकाशम",
  "district.Andhra Pradesh.Visakhapatnam": "विशाखापत्तनम",
  "district.Andhra Pradesh.East Godavari": "पूर्वी गोदावरी",
  "district.Andhra Pradesh.Krishna": "कृष्णा",
  "district.Andhra Pradesh.Chittoor": "चित्तूर",
  "district.Andhra Pradesh.Guntur": "गुंटूर",
  "district.Andhra Pradesh.Kurnool": "कुरनूल",
  "district.Andhra Pradesh.Anantapur": "अनंतपुर",
  "district.Andhra Pradesh.West Godavari": "पश्चिम गोदावरी",
  "district.Andhra Pradesh.Y.S.R.": "वाई एस आर",
  "district.Uttarakhand.Dehradun": "देहरादून",
  "district.Uttarakhand.Pauri Garhwal": "पौड़ी गढ़वाल",
  "district.Uttarakhand.Udham Singh Nagar": "उधम सिंह नगर",
  "district.Uttarakhand.Nainital": "नैनीताल",
  "district.Uttarakhand.Haridwar": "हरिद्वार",
  "district.Uttarakhand.Almora": "अल्मोड़ा",
  "district.Uttarakhand.Unknown": "अज्ञात",
  "district.Odisha.Khordha": "खोर्धा",
  "district.Odisha.Bhadrak": "भद्रक",
  "district.Odisha.Cuttack": "कटक",
  "district.Odisha.Puri": "पुरी",
  "district.Odisha.Jajapur": "जाजापुर",
  "district.Odisha.Kalahandi": "कालाहांडी",
  "district.Odisha.Kendrapara": "केंद्रपाड़ा",
  "district.Odisha.Dhenkanal": "ढेंकनाल",
  "district.Odisha.Sundargarh": "सुंदरगढ़",
  "district.Puducherry.Mahe": "माहे",
  "district.Puducherry.Puducherry": "पुदुचेरी",
  "district.West Bengal.Kolkata": "कोलकाता",
  "district.West Bengal.North 24 Parganas": "उत्तर 24 परगना",
  "district.West Bengal.Nadia": "नादिया",
  "district.West Bengal.Medinipur East": "मेदिनीपुर पूर्व",
  "district.West Bengal.Kalimpong": "कलिम्पोंग",
  "district.West Bengal.Hooghly": "हुगली",
  "district.West Bengal.Howrah": "हावड़ा",
  "district.West Bengal.South 24 Parganas": "दक्षिण 24 परगना",
  "district.West Bengal.Unknown": "अज्ञात",
  "district.Chandigarh.Chandigarh": "चंडीगढ़",
  "district.Chhattisgarh.Raipur": "रायपुर",
  "district.Chhattisgarh.Rajnandgaon": "राजनांदगाँव",
  "district.Chhattisgarh.Bilaspur": "बिलासपुर",
  "district.Chhattisgarh.Durg": "दुर्ग",
  "district.Chhattisgarh.Korba": "कोरबा",
  "district.Gujarat.Rajkot": "राजकोट",
  "district.Gujarat.Surat": "सूरत",
  "district.Gujarat.Ahmadabad": "अहमदाबाद",
  "district.Gujarat.Vadodara": "वडोदरा",
  "district.Gujarat.Gandhinagar": "गांधीनगर",
  "district.Gujarat.Kachchh": "कच्छ",
  "district.Gujarat.Mahesana": "महेसाणा",
  "district.Gujarat.Bhavnagar": "भावनगर",
  "district.Gujarat.Porbandar": "पोरबंदर",
  "district.Gujarat.Gir Somnath": "गिर सोमनाथ",
  "district.Gujarat.Panch Mahals": "पंच महल",
  "district.Gujarat.Patan": "पाटन",
  "district.Gujarat.Chota Udaipur": "छोटा उदयपुर",
  "district.Gujarat.Jamnagar": "जामनगर",
  "district.Gujarat.Morbi": "मोरबी",
  "district.Gujarat.Anand": "आनंद",
  "district.Gujarat.Sabar Kantha": "सबर कांथा",
  "district.Gujarat.Dahod": "दाहोद",
  "district.Gujarat.Bharuch": "भरूच",
  "district.Gujarat.Banas Kantha": "बनास कांथा",
  "district.Himachal Pradesh.Kangra": "कांगड़ा",
  "district.Himachal Pradesh.Una": "ऊना",
  "district.Himachal Pradesh.Solan": "सोलन",
  "district.Himachal Pradesh.Chamba": "चम्बा",
  "district.Himachal Pradesh.Sirmaur": "सिरमौर",
  "district.Madhya Pradesh.Jabalpur": "जबलपुर",
  "district.Madhya Pradesh.Bhopal": "भोपाल",
  "district.Madhya Pradesh.Indore": "इंदौर",
  "district.Madhya Pradesh.Ujjain": "उज्जैन",
  "district.Madhya Pradesh.Gwalior": "ग्वालियर",
  "district.Madhya Pradesh.Shivpuri": "शिवपुरी",
  "district.Madhya Pradesh.Chhindwara": "छिंदवाड़ा",
  "district.Madhya Pradesh.Morena": "मुरैना",
  "district.Madhya Pradesh.Khargone": "खरगोन",
  "district.Madhya Pradesh.Barwani": "बड़वानी",
  "district.Madhya Pradesh.Betul": "बैतूल",
  "district.Madhya Pradesh.Vidisha": "विदिशा",
  "district.Madhya Pradesh.Other Region*": "अन्य क्षेत्र *",
  "district.Madhya Pradesh.Sheopur": "श्योपुर",
  "district.Madhya Pradesh.Khandwa": "खंडवा",
  "district.Madhya Pradesh.Dhar": "धार",
  "district.Madhya Pradesh.Hoshangabad": "होशंगाबाद",
  "district.Madhya Pradesh.Raisen": "रायसेन",
  "district.Madhya Pradesh.Dewas": "देवास",
  "district.Madhya Pradesh.Sagar": "सागर",
  "district.Madhya Pradesh.Shajapur": "शाजापुर",
  "district.Madhya Pradesh.Ratlam": "रतलाम",
  "district.Madhya Pradesh.Mandsaur": "मंदसौर",
  "district.Madhya Pradesh.Tikamgarh": "टीकमगढ़",
  "district.Bihar.Munger": "मुंगेर",
  "district.Bihar.Patna": "पटना",
  "district.Bihar.Siwan": "सीवान",
  "district.Bihar.Nalanda": "नालंदा",
  "district.Bihar.Lakhisarai": "लखीसराय",
  "district.Bihar.Gopalganj": "गोपालगंज",
  "district.Bihar.Gaya": "गया",
  "district.Bihar.Begusarai": "बेगूसराय",
  "district.Bihar.Saran": "सारण",
  "district.Bihar.Bhagalpur": "भागलपुर",
  "district.Bihar.Nawada": "नवादा",
  "district.Manipur.Imphal West": "इम्फाल वेस्ट",
  "district.Manipur.Unknown": "अज्ञात",
  "district.Mizoram.Aizawl": "आइजॉल",
  "district.Goa.North Goa": "नॉर्थ गोवा",
  "district.Goa.Unknown": "अज्ञात",
  "district.Andaman and Nicobar Islands.South Andaman": "दक्षिण अंडमान",
  "district.Andaman and Nicobar Islands.North and Middle Andaman": "उत्तर और मध्य अंडमान",
  "district.Andaman and Nicobar Islands.Unknown": "अज्ञात",
  "district.Jharkhand.Ranchi": "रांची",
  "district.Jharkhand.Hazaribagh": "हजारीबाग",
  "district.Jharkhand.Bokaro": "बोकारो",
  "district.Jharkhand.Kodarma": "कोडरमा",
  "district.Jharkhand.Giridih": "गिरिडीह",
  "district.Jharkhand.Unknown": "अज्ञात",
  "district.Assam.Cachar": "कछार",
  "district.Assam.Kamrup Metropolitan": "कामरूप महानगर",
  "district.Assam.Jorhat": "जोरहाट",
  "district.Assam.Goalpara": "गोलपारा",
  "district.Assam.Nalbari": "नलबाड़ी",
  "district.Assam.South Salmara Mancachar": "दक्षिण सलमारा मा",
  "district.Assam.Kamrup": "कामरूप",
  "district.Assam.Morigaon": "मोरीगांव",
  "district.Assam.Golaghat": "गोलाघाट",
  "district.Assam.Lakhimpur": "लखीमपुर",
  "district.Assam.Dhubri": "धुबरी",
  "district.Assam.Hailakandi": "हैलाकांडी",
  "district.Arunachal Pradesh.Lohit": "लोहित",
  "district.Dadra and Nagar Haveli.Unknown": "अज्ञात",
  "district.Tripura.Gomati": "गोमती",
  "district.Tripura.North Tripura": "नॉर्थ त्रिपुरा",
  "district.Nagaland.Dimapur": "दीमापुर",
  "district.Meghalaya.East Khasi Hills": "ईस्ट खासी हिल्स"
}
