{
  "appNameOne": "కోవిడ్",
  "appNameTwo": "19",
  "language.header": "భాషాగే",
  "language.subheader": "మీ భాషను ఎంచుకోండి",
  "dashboard.your-area": "మీ ప్రాంతం",
  "dashboard.cuntry-status-header": "కంట్రీ ట్రాకర్",
  "dashboard.toplist": "స్టేట్ ట్రాకర్",
  "dashboard.top-district-list": "జిల్లా ట్రాకర్",
  "confirmed": "ధృవీకరించబడింది",
  "active": "యాక్టివ్",
  "recovered": "కోలుకున్నారు",
  "deaths": "మరణాలు",
  "state.Maharashtra": "మహారాష్ట్ర",
  "state.Total": "మొత్తం",
  "state.Delhi": "Delhi ిల్లీ",
  "state.Tamil Nadu": "తమిళనాడు",
  "state.Rajasthan": "రాజస్థాన్",
  "state.Madhya Pradesh": "మధ్యప్రదేశ్",
  "state.Uttar Pradesh": "ఉత్తర ప్రదేశ్",
  "state.Gujarat": "గుజరాత్",
  "state.Telangana": "తెలంగాణ",
  "state.Andhra Pradesh": "ఆంధ్రప్రదేశ్",
  "state.Kerala": "కేరళ",
  "state.Jammu and Kashmir": "జమ్మూ కాశ్మీర్",
  "state.Karnataka": "కర్ణాటక",
  "state.Haryana": "హర్యానా",
  "state.West Bengal": "పశ్చిమ బెంగాల్",
  "state.Punjab": "పంజాబ్",
  "state.Bihar": "బీహార్",
  "state.Odisha": "ఒడిశా",
  "state.Uttarakhand": "ఉత్తరాఖండ్",
  "state.Chhattisgarh": "ఛత్తీస్‌గ h ్",
  "state.Himachal Pradesh": "హిమాచల్ ప్రదేశ్",
  "state.Assam": "అస్సాం",
  "state.Jharkhand": "జార్ఖండ్",
  "state.Chandigarh": "చండీగ",
  "state.Ladakh": "లడఖ్",
  "state.Andaman and Nicobar Islands": "అండమాన్ మరియు నికోబార్ దీవులు",
  "state.Goa": "గోవా",
  "state.Puducherry": "పుదుచ్చేరి",
  "state.Manipur": "మణిపూర్",
  "state.Tripura": "త్రిపుర",
  "state.Mizoram": "మిజోరం",
  "state.Arunachal Pradesh": "అరుణాచల్ ప్రదేశ్",
  "state.Dadra and Nagar Haveli": "దాద్రా మరియు నగర్ హవేలి",
  "state.Nagaland": "నాగాలాండ్",
  "state.Meghalaya": "మేఘాలయ",
  "state.Daman and Diu": "డామన్ మరియు డియు",
  "state.Lakshadweep": "లక్షద్వీప్",
  "state.Sikkim": "సిక్కిం",
  "dashboard.view-district": "జిల్లాను వీక్షించండి",
  "district.Kerala.Thrissur": "త్రిస్సూర్",
  "district.Kerala.Alappuzha": "అలప్పుజ",
  "district.Kerala.Kasaragod": "కాసరగోడ్",
  "district.Kerala.Pathanamthitta": "పతనమిట్ట",
  "district.Kerala.Kannur": "కన్నూర్",
  "district.Kerala.Ernakulam": "ఎర్నాకులం",
  "district.Kerala.Kottayam": "కొట్టాయం",
  "district.Kerala.Thiruvananthapuram": "తిరువనంతపురం",
  "district.Kerala.Idukki": "ఇడుక్కి",
  "district.Kerala.Malappuram": "మలప్పురం",
  "district.Kerala.Kozhikode": "కోజికోడ్",
  "district.Kerala.Palakkad": "పాలక్కాడ్",
  "district.Kerala.Wayanad": "వయనాడ్",
  "district.Kerala.Kollam": "కొల్లం",
  "district.Delhi.East Delhi": "తూర్పు Delhi ిల్లీ",
  "district.Delhi.South West Delhi": "సౌత్ వెస్ట్ Delhi ిల్లీ",
  "district.Delhi.West Delhi": "పశ్చిమ Delhi ిల్లీ",
  "district.Delhi.North Delhi": "ఉత్తర Delhi ిల్లీ",
  "district.Delhi.New Delhi": "న్యూ Delhi ిల్లీ",
  "district.Delhi.South Delhi": "దక్షిణ Delhi ిల్లీ",
  "district.Delhi.North East Delhi": "నార్త్ ఈస్ట్ Delhi ిల్లీ",
  "district.Delhi.North West Delhi": "నార్త్ వెస్ట్ Delhi ిల్లీ",
  "district.Delhi.Unknown": "తెలియదు",
  "district.Telangana.Hyderabad": "హైదరాబాద్",
  "district.Telangana.Karimnagar": "కరీంనగర్",
  "district.Telangana.Bhadradri Kothagudem": "NA",
  "district.Telangana.Ranga Reddy": "రంగా రెడ్డి",
  "district.Telangana.Medchal Malkajgiri": "మేడ్చల్ మల్కాజ్గిరి",
  "district.Telangana.Unknown": "తెలియదు",
  "district.Telangana.Rajanna Sircilla": "రాజన్న సిర్సిల్లా",
  "district.Telangana.Khammam": "ఖమ్మం",
  "district.Telangana.Warangal Urban": "వరంగల్ అర్బన్",
  "district.Telangana.Vikarabad": "వికారాబాద్",
  "district.Telangana.Suryapet": "సూర్యపేట",
  "district.Telangana.Siddipet": "సిద్దిపేట",
  "district.Telangana.Sangareddy": "సంగారెడ్డి",
  "district.Telangana.Nizamabad": "నిజామాబాద్",
  "district.Telangana.Medak": "మెదక్",
  "district.Telangana.Mahabubnagar": "మహాబుబ్‌నగర్",
  "district.Telangana.Mahabubabad": "మహాబుబాబాద్",
  "district.Telangana.Adilabad": "ఆదిలాబాద్",
  "district.Telangana.Nirmal": "నిర్మల్",
  "district.Telangana.Peddapalli": "పెద్దపల్లి",
  "district.Telangana.Jagitial": "జాగిషియల్",
  "district.Telangana.Jogulamba Gadwal": "జోగులంబా గడ్వాల్",
  "district.Telangana.Nalgonda": "నల్గొండ",
  "district.Telangana.Nagarkurnool": "నాగార్కునూల్",
  "district.Telangana.Mulugu": "ములుగు",
  "district.Telangana.Kamareddy": "కామారెడ్డి",
  "district.Telangana.Jayashankar": "జయశంకర్",
  "district.Telangana.Jangoan": "జాంగోవాన్",
  "district.Rajasthan.Italians*": "ఇటాలియన్లు *",
  "district.Rajasthan.Jaipur": "జైపూర్",
  "district.Rajasthan.Jhunjhunu": "h ుం h ును",
  "district.Rajasthan.Bhilwara": "భిల్వారా",
  "district.Rajasthan.Jodhpur": "జోధ్పూర్",
  "district.Rajasthan.Pali": "పాలి",
  "district.Rajasthan.Sikar": "సికార్",
  "district.Rajasthan.Pratapgarh": "ప్రతాప్‌గ h ్",
  "district.Rajasthan.Dungarpur": "దుంగార్‌పూర్",
  "district.Rajasthan.Churu": "చురు",
  "district.Rajasthan.Ajmer": "అజ్మీర్",
  "district.Rajasthan.Evacuees": "ఎవాక్యూస్",
  "district.Rajasthan.Alwar": "అల్వార్",
  "district.Rajasthan.Tonk": "టోంక్",
  "district.Rajasthan.Dhaulpur": "ధౌల్పూర్",
  "district.Rajasthan.Udaipur": "ఉదయపూర్",
  "district.Rajasthan.Bharatpur": "భరత్పూర్",
  "district.Rajasthan.Bikaner": "బికానెర్",
  "district.Rajasthan.Dausa": "దౌసా",
  "district.Rajasthan.Banswara": "బన్స్వారా",
  "district.Rajasthan.Karauli": "కరౌలి",
  "district.Rajasthan.Nagaur": "నాగౌర్",
  "district.Rajasthan.Jaisalmer": "జైసల్మేర్",
  "district.Rajasthan.Kota": "కోటా",
  "district.Rajasthan.Jhalawar": "hala లవర్",
  "district.Rajasthan.Barmer": "బార్మర్",
  "district.Rajasthan.Hanumangarh": "హనుమన్‌గ arh ్",
  "district.Rajasthan.Evacuees*": "ఎవాక్యూస్ *",
  "district.Haryana.Italians*": "ఇటాలియన్లు *",
  "district.Haryana.Gurugram": "గురుగ్రామ్",
  "district.Haryana.Faridabad": "ఫరీదాబాద్",
  "district.Haryana.Panipat": "పానిపట్",
  "district.Haryana.Panchkula": "పంచకుల",
  "district.Haryana.Sonipat": "సోనిపట్",
  "district.Haryana.Palwal": "పాల్వాల్",
  "district.Haryana.Ambala": "అంబాలా",
  "district.Haryana.Sirsa": "సిర్సా",
  "district.Haryana.Hisar": "హిసర్",
  "district.Haryana.Rohtak": "రోహ్తక్",
  "district.Haryana.Nuh": "నుహ్",
  "district.Haryana.Karnal": "కర్నాల్",
  "district.Haryana.Bhiwani": "భివానీ",
  "district.Haryana.Kaithal": "కైతాల్",
  "district.Haryana.Charki Dadri": "చార్కి దాద్రి",
  "district.Haryana.Jind": "జింద్",
  "district.Haryana.Fatehabad": "ఫతేహాబాద్",
  "district.Haryana.Kurukshetra": "కురుక్షేత్ర",
  "district.Haryana.Yamunanagar": "యమునానగర్",
  "district.Uttar Pradesh.Agra": "ఆగ్రా",
  "district.Uttar Pradesh.Ghaziabad": "ఘజియాబాద్",
  "district.Uttar Pradesh.Lucknow": "లక్నో",
  "district.Uttar Pradesh.Gautam Buddha Nagar": "గౌతమ్ బుద్ధ నగర్",
  "district.Uttar Pradesh.Kheri": "ఖేరి",
  "district.Uttar Pradesh.Moradabad": "మొరాదాబాద్",
  "district.Uttar Pradesh.Varanasi": "వారణాసి",
  "district.Uttar Pradesh.Kanpur Nagar": "కాన్పూర్ నగర్",
  "district.Uttar Pradesh.Pilibhit": "పిలిభిత్",
  "district.Uttar Pradesh.Jaunpur": "జౌన్‌పూర్",
  "district.Uttar Pradesh.Baghpat": "బాగ్‌పట్",
  "district.Uttar Pradesh.Shamli": "షామ్లి",
  "district.Uttar Pradesh.Meerut": "మీరట్",
  "district.Uttar Pradesh.Bareilly": "బరేలీ",
  "district.Uttar Pradesh.Bulandshahr": "బులంద్‌షహర్",
  "district.Uttar Pradesh.Basti": "బస్తీ",
  "district.Uttar Pradesh.Hardoi": "హార్డోయి",
  "district.Uttar Pradesh.Shahjahanpur": "షాజహాన్పూర్",
  "district.Uttar Pradesh.Firozabad": "ఫిరోజాబాద్",
  "district.Uttar Pradesh.Azamgarh": "అజమ్‌గ h ్",
  "district.Uttar Pradesh.Saharanpur": "సహారన్పూర్",
  "district.Uttar Pradesh.Pratapgarh": "ప్రతాప్‌గ h ్",
  "district.Uttar Pradesh.Hapur": "హాపూర్",
  "district.Uttar Pradesh.Ghazipur": "ఘాజిపూర్",
  "district.Uttar Pradesh.Banda": "బండా",
  "district.Uttar Pradesh.Mahrajganj": "మహారాజ్‌గంజ్",
  "district.Uttar Pradesh.Hathras": "హత్రాస్",
  "district.Uttar Pradesh.Mirzapur": "మీర్జాపూర్",
  "district.Uttar Pradesh.Rae Bareli": "రాయ్ బరేలి",
  "district.Uttar Pradesh.Bara Banki": "బారా బంకి",
  "district.Uttar Pradesh.Auraiya": "ఆరయ్య",
  "district.Uttar Pradesh.Mathura": "మధుర",
  "district.Uttar Pradesh.Budaun": "బుడాన్",
  "district.Uttar Pradesh.Kaushambi": "కౌశాంబి",
  "district.Uttar Pradesh.Bijnor": "బిజ్నోర్",
  "district.Uttar Pradesh.Prayagraj": "ప్రయాగ్రాజ్",
  "district.Uttar Pradesh.Sitapur": "సీతాపూర్",
  "district.Uttar Pradesh.Muzaffarnagar": "ముజఫర్ నగర్",
  "district.Uttar Pradesh.Amroha": "అమ్రోహా",
  "district.Uttar Pradesh.Rampur": "రాంపూర్",
  "district.Uttar Pradesh.Bhadohi": "భడోహి",
  "district.Uttar Pradesh.Kasganj": "కాస్గంజ్",
  "district.Uttar Pradesh.Etawah": "ఎటావా",
  "district.Uttar Pradesh.Bijapur": "బీజాపూర్",
  "district.Uttar Pradesh.Sambhal": "సంభల్",
  "district.Ladakh.Leh": "లే",
  "district.Ladakh.Kargil": "కార్గిల్",
  "district.Tamil Nadu.Kancheepuram": "కాంచీపురం",
  "district.Tamil Nadu.Chennai": "చెన్నై",
  "district.Tamil Nadu.Erode": "ఈరోడ్",
  "district.Tamil Nadu.Coimbatore": "కోయంబత్తూర్",
  "district.Tamil Nadu.Tirunelveli": "తిరునెల్వేలి",
  "district.Tamil Nadu.Tiruppur": "తిరుప్పూర్",
  "district.Tamil Nadu.Madurai": "మదురై",
  "district.Tamil Nadu.Chengalpattu": "చెంగల్పట్టు",
  "district.Tamil Nadu.Salem": "సేలం",
  "district.Tamil Nadu.Ranipet": "రాణిపేట",
  "district.Tamil Nadu.Thanjavur": "తంజావూర్",
  "district.Tamil Nadu.Vellore": "వెల్లూర్",
  "district.Tamil Nadu.Virudhunagar": "విరుదునగర్",
  "district.Tamil Nadu.Karur": "కరూర్",
  "district.Tamil Nadu.Tiruvannamalai": "తిరువన్నమలై",
  "district.Tamil Nadu.Viluppuram": "విలుప్పురం",
  "district.Tamil Nadu.Namakkal": "నమక్కల్",
  "district.Tamil Nadu.Kanniyakumari": "కన్నియకుమారి",
  "district.Tamil Nadu.Thoothukkudi": "తూత్తుక్కుడి",
  "district.Tamil Nadu.Theni": "తేని",
  "district.Tamil Nadu.Dindigul": "దిండిగల్",
  "district.Tamil Nadu.Sivaganga": "శివగంగ",
  "district.Tamil Nadu.Tirupathur": "తిరుపతూర్",
  "district.Tamil Nadu.Thiruvarur": "తిరువారూర్",
  "district.Tamil Nadu.Ramanathapuram": "రామనాథపురం",
  "district.Tamil Nadu.Thiruvallur": "తిరువల్లూరు",
  "district.Tamil Nadu.Nagapattinam": "నాగపట్నం",
  "district.Tamil Nadu.Cuddalore": "కడలూరు",
  "district.Tamil Nadu.Kallakurichi": "కల్లకూరిచి",
  "district.Tamil Nadu.Perambalur": "పెరంబలూర్",
  "district.Tamil Nadu.Tiruchirappalli": "తిరుచిరపల్లి",
  "district.Tamil Nadu.The Nilgiris": "నీలగిరి",
  "district.Tamil Nadu.Ariyalur": "అరియలూర్",
  "district.Tamil Nadu.Tenkasi": "తెన్కాసి",
  "district.Jammu and Kashmir.Jammu": "జమ్మూ",
  "district.Jammu and Kashmir.Srinagar": "శ్రీనగర్",
  "district.Jammu and Kashmir.Bandipore": "బండిపూర్",
  "district.Jammu and Kashmir.Rajouri": "రాజౌరి",
  "district.Jammu and Kashmir.Badgam": "బాద్గం",
  "district.Jammu and Kashmir.Baramula": "బారాముల",
  "district.Jammu and Kashmir.Shupiyan": "షుపియన్",
  "district.Jammu and Kashmir.Udhampur": "ఉధంపూర్",
  "district.Jammu and Kashmir.Pulwama": "పుల్వామా",
  "district.Jammu and Kashmir.Kupwara": "కుప్వారా",
  "district.Jammu and Kashmir.Ganderbal": "గండెర్బల్",
  "district.Jammu and Kashmir.Kulgam": "కుల్గం",
  "district.Jammu and Kashmir.Kishtwar": "కిష్త్వార్",
  "district.Jammu and Kashmir.Samba": "సాంబా",
  "district.Jammu and Kashmir.Budaun": "బుడాన్",
  "district.Karnataka.Bengaluru": "బెంగళూరు",
  "district.Karnataka.Kalaburagi": "కలబురగి",
  "district.Karnataka.Kodagu": "కొడగు",
  "district.Karnataka.Mysuru": "మైసూరు",
  "district.Karnataka.Dharwad": "ధార్వాడ్",
  "district.Karnataka.Uttara Kannada": "ఉత్తరా కన్నడ",
  "district.Karnataka.Dakshina Kannada": "దక్షిణా కన్నడ",
  "district.Karnataka.Chikkaballapura": "చిక్కబల్లపుర",
  "district.Karnataka.Udupi": "ఉడుపి",
  "district.Karnataka.Davanagere": "దావనగెరే",
  "district.Karnataka.Tumakuru": "తుమకూరు",
  "district.Karnataka.Ballari": "బల్లారి",
  "district.Karnataka.Bidar": "బీదర్",
  "district.Karnataka.Bagalkote": "బాగల్‌కోట్",
  "district.Karnataka.Belagavi": "బెలగావి",
  "district.Karnataka.Bengaluru Rural": "బెంగళూరు గ్రామీణ",
  "district.Karnataka.Gadag": "గడగ్",
  "district.Karnataka.Mandya": "మాండ్యా",
  "district.Karnataka.Vijayapura": "విజయపుర",
  "district.Maharashtra.Pune": "పూణే",
  "district.Maharashtra.Mumbai": "ముంబై",
  "district.Maharashtra.Nagpur": "నాగపూర్",
  "district.Maharashtra.Ahmadnagar": "అహ్మద్‌నగర్",
  "district.Maharashtra.Thane": "థానే",
  "district.Maharashtra.Raigarh": " రాయ్‌గ",
  "district.Maharashtra.Yavatmal": "యవత్మల్",
  "district.Maharashtra.Aurangabad": "u రంగాబాద్",
  "district.Maharashtra.Ratnagiri": "రత్నగిరి",
  "district.Maharashtra.Palghar": "పాల్ఘర్",
  "district.Maharashtra.Sangli": "సాంగ్లి",
  "district.Maharashtra.Satara": "సతారా",
  "district.Maharashtra.Sindhudurg": "సింధుదుర్గ్",
  "district.Maharashtra.Gondiya": "గోండియా",
  "district.Maharashtra.Kolhapur": "కొల్లాపూర్",
  "district.Maharashtra.Other States*": "ఇతర రాష్ట్రాలు *",
  "district.Maharashtra.Jalgaon": "జల్గావ్",
  "district.Maharashtra.Buldana": "బుల్దానా",
  "district.Maharashtra.Nashik": "నాసిక్",
  "district.Maharashtra.Osmanabad": "ఉస్మానాబాద్",
  "district.Maharashtra.Washim": "వాషిమ్",
  "district.Maharashtra.Hingoli": "హింగోలి",
  "district.Maharashtra.Amravati": "అమరావతి",
  "district.Maharashtra.Latur": "లాతూర్",
  "district.Maharashtra.Jalna": "జల్నా",
  "district.Maharashtra.Akola": "అకోలా",
  "district.Maharashtra.Bid": "బిడ్",
  "district.Maharashtra.Dhule": "ధూలే",
  "district.Maharashtra.Solapur": "సోలాపూర్",
  "district.Punjab.Amritsar": "అమృత్సర్",
  "district.Punjab.Shahid Bhagat Singh Nagar": "షాహిద్ భగత్ సింగ్ నగర్",
  "district.Punjab.S.A.S. Nagar": "S.A.S.నగర్",
  "district.Punjab.Hoshiarpur": "హోషియార్పూర్",
  "district.Punjab.Jalandhar": "జలంధర్",
  "district.Punjab.Ludhiana": "లుధియానా",
  "district.Punjab.Patiala": "పాటియాలా",
  "district.Punjab.Rupnagar": "రూపానగర్",
  "district.Punjab.Mansa": "మాన్సా",
  "district.Punjab.Pathankot": "పఠాన్‌కోట్",
  "district.Punjab.Faridkot": "ఫరీద్కోట్",
  "district.Punjab.Barnala": "బర్నాలా",
  "district.Punjab.Fatehgarh Sahib": "ఫతేగ h ్ సాహిబ్",
  "district.Punjab.Kapurthala": "కపుర్తాలా",
  "district.Punjab.Moga": "మోగా",
  "district.Punjab.Sri Muktsar Sahib": "శ్రీ ముక్త్సర్ సాహిబ్",
  "district.Punjab.Sangrur": "సంగ్రూర్",
  "district.Punjab.Gurdaspur": "గురుదాస్‌పూర్",
  "district.Andhra Pradesh.S.P.S. Nellore": "S.P.S.నెల్లూరు",
  "district.Andhra Pradesh.Prakasam": "ప్రకాశం",
  "district.Andhra Pradesh.Visakhapatnam": "విశాఖపట్నం",
  "district.Andhra Pradesh.East Godavari": "తూర్పు గోదావరి",
  "district.Andhra Pradesh.Krishna": "కృష్ణ",
  "district.Andhra Pradesh.Chittoor": "చిత్తూరు",
  "district.Andhra Pradesh.Guntur": "గుంటూరు",
  "district.Andhra Pradesh.Kurnool": "కర్నూలు",
  "district.Andhra Pradesh.Anantapur": "అనంతపూర్",
  "district.Andhra Pradesh.West Godavari": "పశ్చిమ గోదావరి",
  "district.Andhra Pradesh.Y.S.R.": "వై.ఎస్.ఆర్.",
  "district.Uttarakhand.Dehradun": "డెహ్రాడూన్",
  "district.Uttarakhand.Pauri Garhwal": "పౌరి గర్హ్వాల్",
  "district.Uttarakhand.Udham Singh Nagar": "ఉధమ్ సింగ్ నగర్",
  "district.Uttarakhand.Nainital": "నైనిటాల్",
  "district.Uttarakhand.Haridwar": "హరిద్వార్",
  "district.Uttarakhand.Almora": "అల్మోరా",
  "district.Uttarakhand.Unknown": "తెలియదు",
  "district.Odisha.Khordha": "ఖోర్ధా",
  "district.Odisha.Bhadrak": "భద్రక్",
  "district.Odisha.Cuttack": "కటక్",
  "district.Odisha.Puri": "పూరి",
  "district.Odisha.Jajapur": "జాజాపూర్",
  "district.Odisha.Kalahandi": "కలహండి",
  "district.Odisha.Kendrapara": "కేంద్రపారా",
  "district.Odisha.Dhenkanal": "ధెంకనల్",
  "district.Odisha.Sundargarh": "సుందర్‌గ h ్",
  "district.Puducherry.Mahe": "మహే",
  "district.Puducherry.Puducherry": "పుదుచ్చేరి",
  "district.West Bengal.Kolkata": "కోల్‌కతా",
  "district.West Bengal.North 24 Parganas": "ఉత్తర 24 పరగణాలు",
  "district.West Bengal.Nadia": "నాడియా",
  "district.West Bengal.Medinipur East": "మెడినిపూర్ ఈస్ట్",
  "district.West Bengal.Kalimpong": "కాలింపాంగ్",
  "district.West Bengal.Hooghly": "హూగ్లీ",
  "district.West Bengal.Howrah": "హౌరా",
  "district.West Bengal.South 24 Parganas": "దక్షిణ 24 పరగణాలు",
  "district.West Bengal.Unknown": "తెలియదు",
  "district.Chandigarh.Chandigarh": " చండీగ",
  "district.Chhattisgarh.Raipur": "రాయ్‌పూర్",
  "district.Chhattisgarh.Rajnandgaon": "రాజ్‌నందగావ్",
  "district.Chhattisgarh.Bilaspur": "బిలాస్‌పూర్",
  "district.Chhattisgarh.Durg": "దుర్గ్",
  "district.Chhattisgarh.Korba": "కోర్బా",
  "district.Gujarat.Rajkot": "రాజ్కోట్",
  "district.Gujarat.Surat": "సూరత్",
  "district.Gujarat.Ahmadabad": "అహ్మదాబాద్",
  "district.Gujarat.Vadodara": "వడోదర",
  "district.Gujarat.Gandhinagar": "గాంధీనగర్",
  "district.Gujarat.Kachchh": "కచ్",
  "district.Gujarat.Mahesana": "మహేసానా",
  "district.Gujarat.Bhavnagar": "భావ్‌నగర్",
  "district.Gujarat.Porbandar": "పోర్బందర్",
  "district.Gujarat.Gir Somnath": "గిర్ సోమనాథ్",
  "district.Gujarat.Panch Mahals": "పంచ్ మహల్స్",
  "district.Gujarat.Patan": "పటాన్",
  "district.Gujarat.Chota Udaipur": "చోటా ఉదయపూర్",
  "district.Gujarat.Jamnagar": "జామ్‌నగర్",
  "district.Gujarat.Morbi": "మోర్బి",
  "district.Gujarat.Anand": "ఆనంద్",
  "district.Gujarat.Sabar Kantha": "సబర్ కాంత",
  "district.Gujarat.Dahod": "దహోద్",
  "district.Gujarat.Bharuch": "భరూచ్",
  "district.Gujarat.Banas Kantha": "బనస్ కాంత",
  "district.Himachal Pradesh.Kangra": "కాంగ్రా",
  "district.Himachal Pradesh.Una": "ఉనా",
  "district.Himachal Pradesh.Solan": "సోలన్",
  "district.Himachal Pradesh.Chamba": "చంబా",
  "district.Himachal Pradesh.Sirmaur": "సిర్మౌర్",
  "district.Madhya Pradesh.Jabalpur": "జబల్పూర్",
  "district.Madhya Pradesh.Bhopal": "భోపాల్",
  "district.Madhya Pradesh.Indore": "ఇండోర్",
  "district.Madhya Pradesh.Ujjain": "ఉజ్జయిని",
  "district.Madhya Pradesh.Gwalior": "గ్వాలియర్",
  "district.Madhya Pradesh.Shivpuri": "శివపురి",
  "district.Madhya Pradesh.Chhindwara": "చింద్వారా",
  "district.Madhya Pradesh.Morena": "మోరెనా",
  "district.Madhya Pradesh.Khargone": "ఖార్గోన్",
  "district.Madhya Pradesh.Barwani": "బార్వానీ",
  "district.Madhya Pradesh.Betul": "బేతుల్",
  "district.Madhya Pradesh.Vidisha": "విదిషా",
  "district.Madhya Pradesh.Other Region*": "ఇతర ప్రాంతం *",
  "district.Madhya Pradesh.Sheopur": "షియోపూర్",
  "district.Madhya Pradesh.Khandwa": "ఖండ్వా",
  "district.Madhya Pradesh.Dhar": "ధార్",
  "district.Madhya Pradesh.Hoshangabad": "హోషంగాబాద్",
  "district.Madhya Pradesh.Raisen": "రైసన్",
  "district.Madhya Pradesh.Dewas": "దేవాస్",
  "district.Madhya Pradesh.Sagar": "సాగర్",
  "district.Madhya Pradesh.Shajapur": "షాజాపూర్",
  "district.Madhya Pradesh.Ratlam": "రత్లం",
  "district.Madhya Pradesh.Mandsaur": "మాండ్‌సౌర్",
  "district.Madhya Pradesh.Tikamgarh": "టికామ్‌గ h ్",
  "district.Bihar.Munger": "ముంగెర్",
  "district.Bihar.Patna": "పాట్నా",
  "district.Bihar.Siwan": "సివాన్",
  "district.Bihar.Nalanda": "నలంద",
  "district.Bihar.Lakhisarai": "లఖిసరై",
  "district.Bihar.Gopalganj": "గోపాల్గంజ్",
  "district.Bihar.Gaya": "గయా",
  "district.Bihar.Begusarai": "బెగుసారై",
  "district.Bihar.Saran": "సరన్",
  "district.Bihar.Bhagalpur": "భాగల్పూర్",
  "district.Bihar.Nawada": "నవాడ",
  "district.Manipur.Imphal West": "ఇంఫాల్ వెస్ట్",
  "district.Manipur.Unknown": "తెలియదు",
  "district.Mizoram.Aizawl": "ఐజాల్",
  "district.Goa.North Goa": "ఉత్తర గోవా",
  "district.Goa.Unknown": "తెలియదు",
  "district.Andaman and Nicobar Islands.South Andaman": "దక్షిణ అండమాన్",
  "district.Andaman and Nicobar Islands.North and Middle Andaman": "ఉత్తర మరియు మధ్య అండమాన్",
  "district.Andaman and Nicobar Islands.Unknown": "తెలియదు",
  "district.Jharkhand.Ranchi": "రాంచీ",
  "district.Jharkhand.Hazaribagh": "హజారిబాగ్",
  "district.Jharkhand.Bokaro": "బొకారో",
  "district.Jharkhand.Kodarma": "కోదర్మ",
  "district.Jharkhand.Giridih": "గిరిదిహ్",
  "district.Jharkhand.Unknown": "తెలియదు",
  "district.Assam.Cachar": "కాచర్",
  "district.Assam.Kamrup Metropolitan": "కమ్రప్ మెట్రోపాలిటన్",
  "district.Assam.Jorhat": "జోర్హాట్",
  "district.Assam.Goalpara": "గోల్‌పారా",
  "district.Assam.Nalbari": "నల్బరి",
  "district.Assam.South Salmara Mancachar": "సౌత్ సల్మారా మంచాచర్",
  "district.Assam.Kamrup": "కమ్రప్",
  "district.Assam.Morigaon": "మోరిగాన్",
  "district.Assam.Golaghat": "గోలఘాట్",
  "district.Assam.Lakhimpur": "లఖింపూర్",
  "district.Assam.Dhubri": "ధుబ్రి",
  "district.Assam.Hailakandi": "హైలాకాండి",
  "district.Arunachal Pradesh.Lohit": "లోహిత్",
  "district.Dadra and Nagar Haveli.Unknown": "తెలియదు",
  "district.Tripura.Gomati": "గోమతి",
  "district.Tripura.North Tripura": "ఉత్తర త్రిపుర",
  "district.Nagaland.Dimapur": "డిమాపూర్",
  "district.Meghalaya.East Khasi Hills": "ఈస్ట్ ఖాసి హిల్స్",
  "district.Maharashtra.Unknown": "Unknown",
  "district.Madhya Pradesh.Unknown": "Unknown",
  "district.Madhya Pradesh.Satna": "Satna",
  "district.Uttar Pradesh.Unknown": "Unknown",
  "district.Gujarat.Narmada": "Narmada",
  "district.Gujarat.Botad": "Botad",
  "district.Gujarat.Kheda": "Kheda",
  "district.Telangana.Kumuram Bheem Asifabad": "Kumuram Bheem Asifabad",
  "district.Himachal Pradesh.Unknown": "Unknown",
  "Langauge": "Select your language",
  "Home": "Home",
  "Statistics": "Statistics",
  "Services": "Services",
  "Comming Soon": "Comming Soon!",
  "district.Maharashtra.Chandrapur": "Chandrapur",
  "district.Madhya Pradesh.Alirajpur": "Alirajpur",
  "district.Gujarat.Aravalli": "Aravalli",
  "district.Gujarat.Mahisagar": "Mahisagar",
  "district.Bihar.Vaisha": "Vaisha",
  "district.Jharkhand.Simdega": "Simdega",
  "district.Jharkhand.Dhanbad": "Dhanbad",
  "district.Meghalaya.Unknown": "Unknown",
  "LockDown Remaining Days": "LockDown Remaining Days - ",
  "MIHY": "MIHY",
  "Covid 19 tracker": "कोविद 19 ट्रैकर",
  "Successful shared": "Successful sharedೆ",
  "INDIA - TOTAL CASES": "INDIA - TOTAL CASES",
  "PATIENT GENDER": "PATIENT GENDER",
  "Male": "Male",
  "Female": "Female",
  "Awaiting Details": "Awaiting Details",
  "Total Cases": "Total Cases",
  "INDIA - DAILY CASES": "INDIA - DAILY CASES",
  "PATIENT AGE": "PATIENT AGE",
  "Cases": "Cases"
}
