{
  "appNameOne": "కోవిడ్",
    "appNameTwo": "19",
    "language.header": "భాషాగే",
    "language.subheader": "మీ భాషను ఎంచుకోండి",
    "డాష్‌బోర్డ్.మీ-ప్రాంతం": "మీ ప్రాంతం",
    "dashboard.cuntry-status-header": "కంట్రీ ట్రాకర్",
    "dashboard.toplist": "స్టేట్ ట్రాకర్",
    "డాష్‌బోర్డ్.టాప్-జిల్లా-జాబితా": "జిల్లా ట్రాకర్",
    "ధృవీకరించబడింది": "ధృవీకరించబడింది",
    "యాక్టివ్": "యాక్టివ్",
    "కోలుకున్నారు": "కోలుకున్నారు",
    "మరణాలు": "మరణాలు",
    "రాష్ట్రం.మహారాష్ట్ర": "మహారాష్ట్ర",
    "state.Total": "మొత్తం",
    "స్టేట్.దెల్హి": "Delhi ిల్లీ",
    "state.Tamil Nadu": "తమిళనాడు",
    "రాష్ట్రం.రాజస్థాన్": "రాజస్థాన్",
    "రాష్ట్రం.మధ్యప్రదేశ్": "మధ్యప్రదేశ్",
    "రాష్ట్రం.ఉత్తర ప్రదేశ్": "ఉత్తర ప్రదేశ్",
    "state.Gujarat": "గుజరాత్",
    "state.Telangana": "తెలంగాణ",
    "రాష్ట్రం.ఆంధ్రప్రదేశ్": "ఆంధ్రప్రదేశ్",
    "state.Kerala": "కేరళ",
    "రాష్ట్రం.జమ్మూ కాశ్మీర్": "జమ్మూ కాశ్మీర్",
    "రాష్ట్రం.కర్ణాటక": "కర్ణాటక",
    "state.Haryana": "హర్యానా",
    "స్టేట్.వెస్ట్ బెంగాల్": "పశ్చిమ బెంగాల్",
    "state.Punjab": "పంజాబ్",
    "స్టేట్.బిహార్": "బీహార్",
    "స్టేట్.ఒడిషా": "ఒడిశా",
    "రాష్ట్రం.ఉత్తరాఖండ్": "ఉత్తరాఖండ్",
    "స్టేట్.చత్తీస్‌గ h ్": "ఛత్తీస్‌గ h ్",
    "రాష్ట్రం.హిమాచల్ ప్రదేశ్": "హిమాచల్ ప్రదేశ్",
    "state.Assam": "అస్సాం",
    "స్టేట్.జార్ఖండ్": "జార్ఖండ్",
    "స్టేట్.చండిగ" ్ ":" చండీగ "్",
    "state.Ladakh": "లడఖ్",
    "స్టేట్.అండమాన్ మరియు నికోబార్ దీవులు": "అండమాన్ మరియు నికోబార్ దీవులు",
    "state.Goa": "గోవా",
    "స్టేట్.పుదుచ్చేరి": "పుదుచ్చేరి",
    "స్టేట్.మణిపూర్": "మణిపూర్",
    "స్టేట్.త్రిపుర": "త్రిపుర",
    "స్టేట్.మిజోరం": "మిజోరం",
    "రాష్ట్రం.అరుణాచల్ ప్రదేశ్": "అరుణాచల్ ప్రదేశ్",
    "స్టేట్.దద్రా మరియు నగర్ హవేలి": "దాద్రా మరియు నగర్ హవేలి",
    "స్టేట్.నాగాలాండ్": "నాగాలాండ్",
    "స్టేట్.మేఘాలయ": "మేఘాలయ",
    "స్టేట్.డామన్ మరియు డియు": "డామన్ మరియు డియు",
    "స్టేట్.లక్షద్వీప్": "లక్షద్వీప్",
    "స్టేట్.సిక్కిమ్": "సిక్కిం",
    "డాష్‌బోర్డ్.వ్యూ-జిల్లా": "జిల్లాను వీక్షించండి",
    "జిల్లా.కెరళ.త్రిసూర్": "త్రిస్సూర్",
    "జిల్లా.కేరళ.అలపుజ": "అలప్పుజ",
    "జిల్లా.కేరళ.కాసరగోడ్": "కాసరగోడ్",
    "జిల్లా.కేరళ.పతనమిట్ట": "పతనమిట్ట",
    "జిల్లా.కెరళ.కన్నూర్": "కన్నూర్",
    "జిల్లా.కెరళ.ఎర్నాకుళం": "ఎర్నాకులం",
    "జిల్లా.కెరళ.కొట్టయం": "కొట్టాయం",
    "జిల్లా.కేరళ.తిరువనంతపురం": "తిరువనంతపురం",
    "జిల్లా.కెరాలా.ఇదుక్కి": "ఇడుక్కి",
    "జిల్లా.కేరళ.మలప్పురం": "మలప్పురం",
    "జిల్లా.కేరళ.కోళికోడ్": "కోజికోడ్",
    "జిల్లా.కెరళ.పలక్కడ్": "పాలక్కాడ్",
    "జిల్లా.కేరళ.వయనాడ్": "వయనాడ్",
    "జిల్లా.కెరళ.కొల్లం": "కొల్లం",
    "జిల్లా.దెల్హి.ఈస్ట్ Delhi ిల్లీ": "తూర్పు Delhi ిల్లీ",
    "జిల్లా.డెల్హి.సౌత్ వెస్ట్ Delhi ిల్లీ": "సౌత్ వెస్ట్ Delhi ిల్లీ",
    "జిల్లా.డెల్హి.వెస్ట్ Delhi ిల్లీ": "పశ్చిమ Delhi ిల్లీ",
    "జిల్లా.డెల్హి.నోర్త్ Delhi ిల్లీ": "ఉత్తర Delhi ిల్లీ",
    "జిల్లా.దెల్హి.న్యూ Delhi ిల్లీ": "న్యూ Delhi ిల్లీ",
    "జిల్లా.డెల్హి.సౌత్ Delhi ిల్లీ": "దక్షిణ Delhi ిల్లీ",
    "జిల్లా.డెల్హి.నోర్త్ ఈస్ట్ Delhi ిల్లీ": "నార్త్ ఈస్ట్ Delhi ిల్లీ",
    "జిల్లా.డెల్హి.నోర్త్ వెస్ట్ Delhi ిల్లీ": "నార్త్ వెస్ట్ Delhi ిల్లీ",
    "District.Delhi.Unknown": "తెలియదు",
    "జిల్లా.తెలంగాణ.హైదరాబాద్": "హైదరాబాద్",
    "జిల్లా.తెలంగాణ.కరీంనగర్": "కరీంనగర్",
    "జిల్లా.తెలంగాణ". : "NA",
    "జిల్లా.తెలంగాణ.రంగ రెడ్డి": "రంగా రెడ్డి",
    "జిల్లా.తెలంగాణ.మెడ్చల్ మల్కాజ్గిరి": "మేడ్చల్ మల్కాజ్గిరి",
    "జిల్లా.తెలంగాణ.తెలియనిది": "తెలియదు",
    "జిల్లా.తెలంగాణ.రాజన్నా సిర్సిల్లా": "రాజన్న సిర్సిల్లా",
    "జిల్లా.తెలంగాణ.ఖమ్మం": "ఖమ్మం",
    "జిల్లా.తెలంగాణ.వరంగల్ అర్బన్": "వరంగల్ అర్బన్",
    "జిల్లా.తెలంగాణ.వికరబాద్": "వికారాబాద్",
    "జిల్లా.తెలంగాణ.సూర్యపేట": "సూర్యపేట",
    "జిల్లా.తెలంగాణ.సిద్దిపేట": "సిద్దిపేట",
    "జిల్లా.తెలంగాణ.సంగారెడ్డి": "సంగారెడ్డి",
    "జిల్లా.తెలంగాణ.నిజామాబాద్": "నిజామాబాద్",
    "జిల్లా.తెలంగాణ.మెడక్": "మెదక్",
    "జిల్లా.తెలంగాణ.మహాబుబ్‌నగర్": "మహాబుబ్‌నగర్",
    "జిల్లా.తెలంగాణ.మహాబుబాబాద్": "మహాబుబాబాద్",
    "జిల్లా.తెలంగాణ.అడిలాబాద్": "ఆదిలాబాద్",
    "జిల్లా.తెలంగాణ.నిర్మల్": "నిర్మల్",
    "జిల్లా.తెలంగాణ.పెద్దపల్లి": "పెద్దపల్లి",
    "జిల్లా.తెలంగాణ.జగిషియల్": "జాగిషియల్",
    "జిల్లా.తెలంగాణ.జోగులంబ గడ్వాల్": "జోగులంబా గడ్వాల్",
    "జిల్లా.తెలంగాణ.నల్గొండ": "నల్గొండ",
    "జిల్లా.తెలంగాణ.నగర్కర్నూల్": "నాగార్కునూల్",
    "జిల్లా.తెలంగాణ.ములుగు": "ములుగు",
  "జిల్లా. తెలంగాణ.కమారెడ్డి": "కామారెడ్డి",
    "జిల్లా. తెలంగాణ.జయశంకర్": "జయశంకర్",
    "జిల్లా. తెలంగాణ.జంగోవాన్": "జాంగోవాన్",
    "జిల్లా. రాజస్థాన్.ఇటాలియన్లు *": "ఇటాలియన్లు *",
    "జిల్లా.రాజస్థాన్.జైపూర్": "జైపూర్",
    "జిల్లా.రాజస్థాన్.జుం h ును": "h ుం h ును",
    "జిల్లా.రాజస్థాన్.బిల్వారా": "భిల్వారా",
    "జిల్లా.రాజస్థాన్.జోధ్పూర్": "జోధ్పూర్",
    "జిల్లా.రాజస్థాన్.పాలి": "పాలి",
    "జిల్లా.రాజస్థాన్.సికార్": "సికార్",
    "జిల్లా.రాజస్థాన్.ప్రతాప్‌గ h ్": "ప్రతాప్‌గ h ్",
    "జిల్లా.రాజస్థాన్.డుంగర్‌పూర్": "దుంగార్‌పూర్",
    "జిల్లా.రాజస్థాన్.చురు": "చురు",
    "జిల్లా.రాజస్థాన్.అజ్మీర్": "అజ్మీర్",
    "జిల్లా.రాజస్థాన్.ఇవాక్యూస్": "ఎవాక్యూస్",
    "జిల్లా.రాజస్థాన్.అల్వార్": "అల్వార్",
    "జిల్లా.రాజస్థాన్.టాంక్": "టోంక్",
    "జిల్లా.రాజస్థాన్.డౌల్పూర్": "ధౌల్పూర్",
    "జిల్లా.రాజస్థాన్.ఉదపూర్": "ఉదయపూర్",
    "జిల్లా.రాజస్థాన్.భరత్పూర్": "భరత్పూర్",
    "జిల్లా.రాజస్థాన్.బికానెర్": "బికానెర్",
    "జిల్లా.రాజస్థాన్.దౌసా": "దౌసా",
    "జిల్లా.రాజస్థాన్.బన్స్వర": "బన్స్వారా",
    "జిల్లా.రాజస్థాన్.కారౌలి": "కరౌలి",
    "జిల్లా.రాజస్థాన్.నాగౌర్": "నాగౌర్",
    "జిల్లా.రాజస్థాన్.జైసల్మేర్": "జైసల్మేర్",
    "జిల్లా.రాజస్థాన్.కోటా": "కోటా",
    "జిల్లా.రాజస్థాన్.జలవర్": "hala లవర్",
    "జిల్లా.రాజస్థాన్.బార్మర్": "బార్మర్",
    "జిల్లా.రాజస్థాన్.హనుమన్‌గ arh ్": "హనుమన్‌గ arh ్",
    "జిల్లా. రాజస్థాన్.ఇవాక్యూస్ *": "ఎవాక్యూస్ *",
    "జిల్లా.హర్యానా.ఇటాలియన్లు *": "ఇటాలియన్లు *",
    "జిల్లా.హర్యానా.గురుగ్రామ్": "గురుగ్రామ్",
    "జిల్లా.హర్యానా.ఫరీదాబాద్": "ఫరీదాబాద్",
    "జిల్లా.హర్యానా.పణిపట్": "పానిపట్",
    "జిల్లా.హర్యానా.పంచకుల": "పంచకుల",
    "జిల్లా.హర్యానా.సోనిపట్": "సోనిపట్",
    "జిల్లా.హర్యానా.పల్వాల్": "పాల్వాల్",
    "జిల్లా.హర్యానా.అంబాలా": "అంబాలా",
    "జిల్లా.హర్యానా.సిర్సా": "సిర్సా",
    "జిల్లా.హర్యానా.హిసార్": "హిసర్",
    "జిల్లా.హర్యానా.రోహ్తక్": "రోహ్తక్",
    "జిల్లా.హర్యానా.నుహ్": "నుహ్",
    "జిల్లా.హర్యానా.కార్నాల్": "కర్నాల్",
    "జిల్లా.హర్యానా.భివానీ": "భివానీ",
    "జిల్లా.హర్యానా.కైతాల్": "కైతాల్",
    "జిల్లా.హర్యానా.చార్కి దాద్రి": "చార్కి దాద్రి",
    "జిల్లా.హర్యానా.జింద్": "జింద్",
    "జిల్లా.హర్యానా.ఫతేహాబాద్": "ఫతేహాబాద్",
    "జిల్లా.హర్యానా.కురుక్షేత్ర": "కురుక్షేత్ర",
    "జిల్లా.హర్యానా.యమునానగర్": "యమునానగర్",
    "జిల్లా.ఉత్తర్ ప్రదేశ్.ఆగ్రా": "ఆగ్రా",
    "జిల్లా.ఉత్తర్ ప్రదేశ్. ఘజియాబాద్": "ఘజియాబాద్",
    "జిల్లా.ఉత్తర్ ప్రదేశ్. లక్నో": "లక్నో",
    "జిల్లా.ఉత్తర్ ప్రదేశ్. గౌతమ్ బుద్ధ నగర్": "గౌతమ్ బుద్ధ నగర్",
    "జిల్లా.ఉత్తర్ ప్రదేశ్. ఖేరి": "ఖేరి",
    "జిల్లా.ఉత్తర్ ప్రదేశ్. మొరాదాబాద్": "మొరాదాబాద్",
    "జిల్లా.ఉత్తర్ ప్రదేశ్.వారణాసి": "వారణాసి",
    "జిల్లా.ఉత్తర్ ప్రదేశ్. కాన్పూర్ నగర్": "కాన్పూర్ నగర్",
    "జిల్లా.ఉత్తర్ ప్రదేశ్. పిలిభిత్": "పిలిభిత్",
    "జిల్లా.ఉత్తర్ ప్రదేశ్.జౌన్‌పూర్": "జౌన్‌పూర్",
    "జిల్లా.ఉత్తర్ ప్రదేశ్. బాగ్‌పత్": "బాగ్‌పట్",
    "జిల్లా.ఉత్తర్ ప్రదేశ్.షామ్లీ": "షామ్లి",
    "జిల్లా.ఉత్తర్ ప్రదేశ్. మీరట్": "మీరట్",
    "జిల్లా.ఉత్తర్ ప్రదేశ్.బరేలీ": "బరేలీ",
    "జిల్లా.ఉత్తర్ ప్రదేశ్.బులంద్‌షహర్": "బులంద్‌షహర్",
    "జిల్లా.ఉత్తర్ ప్రదేశ్.బస్తీ": "బస్తీ",
    "జిల్లా.ఉత్తర్ ప్రదేశ్. హర్డోయి": "హార్డోయి",
    "జిల్లా.ఉత్తర్ ప్రదేశ్. షాజహాన్పూర్": "షాజహాన్పూర్",
    "జిల్లా.ఉత్తర్ ప్రదేశ్. ఫిరోజాబాద్": "ఫిరోజాబాద్",
    "జిల్లా.ఉత్తర్ ప్రదేశ్. అజమ్‌గ h ్": "అజమ్‌గ h ్",
    "జిల్లా.ఉత్తర్ ప్రదేశ్. సహారన్పూర్": "సహారన్పూర్",
    "జిల్లా.ఉత్తర్ ప్రదేశ్. ప్రతాప్‌గ h ్": "ప్రతాప్‌గ h ్",
    "జిల్లా.ఉత్తర్ ప్రదేశ్. హాపూర్": "హాపూర్",
    "జిల్లా.ఉత్తర్ ప్రదేశ్. ఖాజీపూర్": "ఘాజిపూర్",
    "జిల్లా.ఉత్తర్ ప్రదేశ్.బండా": "బండా",
    "జిల్లా.ఉత్తర్ ప్రదేశ్. మహారాజ్‌గంజ్": "మహారాజ్‌గంజ్",
    "జిల్లా. ఉత్తర ప్రదేశ్. హత్రాస్": "హత్రాస్",
    "జిల్లా.ఉత్తర్ ప్రదేశ్. మీర్జాపూర్": "మీర్జాపూర్",
    "జిల్లా.ఉత్తర్ ప్రదేశ్. రే బరేలి": "రాయ్ బరేలి",
    "జిల్లా.ఉత్తర్ ప్రదేశ్.బారా బంకి": "బారా బంకి",
    "జిల్లా.ఉత్తర్ ప్రదేశ్.ఆరయ్య": "ఆరయ్య",
    "జిల్లా.ఉత్తర్ ప్రదేశ్. మధుర": "మధుర",
    "జిల్లా.ఉత్తర్ ప్రదేశ్.బుడాన్": "బుడాన్",
    "జిల్లా.ఉత్తర్ ప్రదేశ్. కౌశాంబి": "కౌశాంబి",
    "జిల్లా.ఉత్తర్ ప్రదేశ్. బిజ్నోర్": "బిజ్నోర్",
    "జిల్లా.ఉత్తర్ ప్రదేశ్.ప్రయగ్రాజ్": "ప్రయాగ్రాజ్",
    "జిల్లా.ఉత్తర్ ప్రదేశ్.సితాపూర్": "సీతాపూర్",
    "జిల్లా.ఉత్తర్ ప్రదేశ్. ముజఫర్ నగర్": "ముజఫర్ నగర్",
    "జిల్లా.ఉత్తర్ ప్రదేశ్. అమ్రోహా": "అమ్రోహా",
    "జిల్లా.ఉత్తర్ ప్రదేశ్.రాంపూర్": "రాంపూర్",
    "జిల్లా.ఉత్తర్ ప్రదేశ్.భడోహి": "భడోహి",
    "జిల్లా.ఉత్తర్ ప్రదేశ్. కస్గంజ్": "కాస్గంజ్",
    "జిల్లా.ఉత్తర్ ప్రదేశ్. ఎటావా": "ఎటావా",
    "జిల్లా.ఉత్తర్ ప్రదేశ్. బీజాపూర్": "బీజాపూర్",
    "జిల్లా.ఉత్తర్ ప్రదేశ్.సంభాల్": "సంభల్",
    "జిల్లా.లడఖ్.లేహ్": "లే",
    "జిల్లా.లడఖ్.కార్గిల్": "కార్గిల్",
    "జిల్లా. తమిళనాడు.కంచీపురం": "కాంచీపురం",
    "జిల్లా. తమిళనాడు.చన్నై": "చెన్నై",
  "జిల్లా. తమిళనాడు.ఈరోడ్": "ఈరోడ్",
  "జిల్లా. తమిళనాడు.కోయింబటూర్": "కోయంబత్తూర్",
  "జిల్లా. తమిళనాడు.తిరునెల్వేలి": "తిరునెల్వేలి",
  "జిల్లా. తమిళనాడు. తిరుప్పూర్": "తిరుప్పూర్",
  "జిల్లా. తమిళనాడు.మదురై": "మదురై",
  "జిల్లా. తమిళనాడు.చెంగల్పట్టు": "చెంగల్పట్టు",
  "జిల్లా. తమిళనాడు.సాలెం": "సేలం",
  "జిల్లా. తమిళనాడు.రానిపేట": "రాణిపేట",
  "జిల్లా. తమిళనాడు.తంజవూర్": "తంజావూర్"
  "జిల్లా. తమిళనాడు.వెల్లూరు": "వెల్లూర్",
  "జిల్లా. తమిళనాడు.విరుదునగర్": "విరుదునగర్",
  "జిల్లా. తమిళనాడు.కూర్": "కరూర్",
  "జిల్లా. తమిళనాడు. తిరువన్నమలై": "తిరువన్నమలై",
  "జిల్లా. తమిళనాడు.విలుప్పురం": "విలుప్పురం",
  "జిల్లా. తమిళనాడు.నామక్కల్": "నమక్కల్",
  "జిల్లా. తమిళనాడు.కన్నియకుమారి": "కన్నియకుమారి",
  "జిల్లా. తమిళనాడు.థూత్తుకుడి": "తూత్తుక్కుడి",
  "జిల్లా. తమిళనాడు.థేని": "తేని",
  "జిల్లా. తమిళనాడు.దిండిగల్": "దిండిగల్",
  "జిల్లా. తమిళనాడు.శివగంగ": "శివగంగ",
  "జిల్లా. తమిళనాడు.తిరుపాతుర్": "తిరుపతూర్",
  "జిల్లా. తమిళనాడు. తిరువారూర్": "తిరువారూర్",
  "జిల్లా. తమిళనాడు.రామనాథపురం": "రామనాథపురం",
  "జిల్లా. తమిళనాడు.తిరువల్లూరు": "తిరువల్లూరు"
  "జిల్లా. తమిళనాడు.నాగపట్నం": "నాగపట్నం",
  "జిల్లా. తమిళనాడు.కడలూరు": "కడలూరు",
  "జిల్లా. తమిళనాడు.కల్లకూరిచి": "కల్లకూరిచి",
  "జిల్లా. తమిళనాడు.పెరంబలూర్": "పెరంబలూర్"
  "జిల్లా. తమిళనాడు.తిరుచిరపల్లి": "తిరుచిరపల్లి",
  "జిల్లా. తమిళనాడు. నీలగిరి": "నీలగిరి"
  "జిల్లా. తమిళనాడు.అరియలూర్": "అరియలూర్",
  "జిల్లా. తమిళనాడు.తెంకాసి": "తెన్కాసి",
  "జిల్లా.జమ్మూ కాశ్మీర్.జమ్ము": "జమ్మూ",
  "జిల్లా.జమ్మూ కాశ్మీర్.శ్రీనగర్": "శ్రీనగర్",
  "జిల్లా.జమ్మూ కాశ్మీర్.బండిపూర్": "బండిపూర్",
  "జిల్లా.జమ్ము మరియు కాశ్మీర్.రాజౌరి": "రాజౌరి",
  "జిల్లా.జమ్ము మరియు కాశ్మీర్.బద్గం": "బాద్గం",
  "జిల్లా.జమ్ము మరియు కాశ్మీర్.బారాముల": "బారాముల",
  "జిల్లా.జమ్మూ కాశ్మీర్.షుపియన్": "షుపియన్",
  "జిల్లా.జమ్ము మరియు కాశ్మీర్.ఉధంపూర్": "ఉధంపూర్",
  "జిల్లా.జమ్మూ కాశ్మీర్.పుల్వామా": "పుల్వామా",
  "జిల్లా.జమ్మూ కాశ్మీర్.కుప్వారా": "కుప్వారా",
  "జిల్లా.జమ్ము మరియు కాశ్మీర్.గండెర్బల్": "గండెర్బల్",
  "జిల్లా.జమ్మూ కాశ్మీర్.కుల్గం": "కుల్గం",
  "జిల్లా.జమ్ము మరియు కాశ్మీర్.కిష్త్వార్": "కిష్త్వార్",
  "జిల్లా.జమ్మూ కాశ్మీర్.సాంబా": "సాంబా",
  "జిల్లా.జమ్ము మరియు కాశ్మీర్.బుడాన్": "బుడాన్",
  "జిల్లా. కర్నాటక.బెంగళూరు": "బెంగళూరు",
  "జిల్లా. కర్నాటక.కళబురగి": "కలబురగి",
  "జిల్లా. కర్నాటక.కొడగు": "కొడగు",
  "జిల్లా. కర్నాటక.మైసూరు": "మైసూరు",
  "జిల్లా. కర్నాటక.ధార్వాడ్": "ధార్వాడ్",
  "జిల్లా. కర్నాటక.ఉత్తర కన్నడ": "ఉత్తరా కన్నడ",
  "జిల్లా. కర్ణాటక.దేశ కన్నడ": "దక్షిణా కన్నడ",
  "జిల్లా.కార్నాటక.చిక్కబల్లపుర": "చిక్కబల్లపుర",
  "జిల్లా. కర్నాటక.ఉడిపి": "ఉడుపి",
  "జిల్లా. కర్ణాటక.దావనగెరే": "దావనగెరే",
  "జిల్లా. కర్నాటక.తుమకూరు": "తుమకూరు",
  "జిల్లా. కర్నాటక.బల్లారి": "బల్లారి",
  "జిల్లా. కర్నాటక.బిదార్": "బీదర్",
  "జిల్లా. కర్నాటక.బగల్‌కోట్": "బాగల్‌కోట్",
  "జిల్లా. కర్నాటక.బేలగావి": "బెలగావి",
  "జిల్లా. కర్నాటక.బెంగళూరు గ్రామీణ": "బెంగళూరు గ్రామీణ",
  "జిల్లా. కర్నాటక.గడగ్": "గడగ్",
  "జిల్లా. కర్ణాటక.మండ్యా": "మాండ్యా",
  "జిల్లా. కర్ణాటక.విజయపుర": "విజయపుర",
  "జిల్లా.మహారాష్ట్ర.పునే": "పూణే",
  "జిల్లా.మహారాష్ట్ర.ముంబై": "ముంబై",
  "జిల్లా.మహారాష్ట్ర.నాగ్పూర్": "నాగపూర్",
  "జిల్లా.మహారాష్ట్ర.అహ్మద్‌నగర్": "అహ్మద్‌నగర్",
  "జిల్లా.మహారాష్ట్ర.థేన్": "థానే",
  "జిల్లా.మహారాష్ట్ర.రైగ" ్ ":" రాయ్‌గ "్",
  "జిల్లా.మహారాష్ట్ర.యవత్మల్": "యవత్మల్",
  "జిల్లా.మహారాష్ట్ర.ఆరంగబాద్": "u రంగాబాద్",
  "జిల్లా.మహారాష్ట్ర.రత్నగిరి": "రత్నగిరి",
  "జిల్లా.మహారాష్ట్ర.పల్ఘర్": "పాల్ఘర్",
  "జిల్లా.మహారాష్ట్ర.సంగ్లి": "సాంగ్లి",
  "జిల్లా.మహారాష్ట్ర.సతారా": "సతారా",
  "జిల్లా.మహారాష్ట్ర.సింధుదుర్గ్": "సింధుదుర్గ్",
  "జిల్లా.మహారాష్ట్ర.గోండియా": "గోండియా",
  "జిల్లా.మహారాష్ట్ర.కొల్హాపూర్": "కొల్లాపూర్",
  "జిల్లా.మహారాష్ట్ర. ఇతర రాష్ట్రాలు *": "ఇతర రాష్ట్రాలు *",
  "జిల్లా.మహారాష్ట్ర.జల్గావ్": "జల్గావ్",
  "జిల్లా.మహారాష్ట్ర.బుల్దానా": "బుల్దానా",
  "జిల్లా.మహారాష్ట్ర.నాసిక్": "నాసిక్",
  "జిల్లా.మహారాష్ట్ర.ఓస్మానాబాద్": "ఉస్మానాబాద్",
  "జిల్లా.మహారాష్ట్ర.వాషిమ్": "వాషిమ్",
  "జిల్లా.మహారాష్ట్ర.హింగోలి": "హింగోలి",
  "జిల్లా.మహారాష్ట్ర.అమరావతి": "అమరావతి",
  "జిల్లా.మహారాష్ట్ర.లాటూర్": "లాతూర్",
  "జిల్లా.మహారాష్ట్ర.జల్నా": "జల్నా",
  "జిల్లా.మహారాష్ట్ర.అకోలా": "అకోలా",
  "జిల్లా.మహారాష్ట్ర.బిడ్": "బిడ్",
  "జిల్లా.మహారాష్ట్ర.ధూలే": "ధూలే",
  "జిల్లా.మహారాష్ట్ర.సోలాపూర్": "సోలాపూర్",
  "జిల్లా. పంజాబ్.అమృత్సర్": "అమృత్సర్",
  "జిల్లా. పంజాబ్. షాహిద్ భగత్ సింగ్ నగర్": "షాహిద్ భగత్ సింగ్ నగర్",
  "జిల్లా. పంజాబ్.ఎస్.ఎ.ఎస్.నగర్": "S.A.S. నగర్",
  "జిల్లా. పంజాబ్.హోషియార్పూర్": "హోషియార్పూర్",
  "జిల్లా. పంజాబ్.జలంధర్": "జలంధర్",
"జిల్లా. పంజాబ్.లుధియానా": "లుధియానా",
  "జిల్లా. పంజాబ్.పటియాలా": "పాటియాలా",
  "జిల్లా. పంజాబ్.రూప్నగర్": "రూపానగర్",
  "జిల్లా. పంజాబ్.మన్సా": "మాన్సా",
  "జిల్లా.పంజాబ్.పాథన్‌కోట్": "పఠాన్‌కోట్",
  "జిల్లా. పంజాబ్.ఫరిడ్కోట్": "ఫరీద్కోట్",
  "జిల్లా. పంజాబ్.బర్నాలా": "బర్నాలా",
  "జిల్లా. పంజాబ్. ఫతేగ h ్ సాహిబ్": "ఫతేగ h ్ సాహిబ్",
  "జిల్లా. పంజాబ్.కపుర్తాలా": "కపుర్తాలా",
  "జిల్లా. పంజాబ్.మోగా": "మోగా",
  "జిల్లా. పంజాబ్.శ్రీ ముక్త్సర్ సాహిబ్": "శ్రీ ముక్త్సర్ సాహిబ్",
  "జిల్లా. పంజాబ్.సంగ్రూర్": "సంగ్రూర్",
  "జిల్లా. పంజాబ్.గుర్దాస్‌పూర్": "గురుదాస్‌పూర్",
  "జిల్లా. ఆంధ్రప్రదేశ్.ఎస్.పి.ఎస్.నెల్లూరు": "S.P.S. నెల్లూరు",
  "జిల్లా.ఆంధ్రప్రదేశ్.ప్రకాశం": "ప్రకాశం",
  "జిల్లా.ఆంధ్రప్రదేశ్.విశాఖపట్నం": "విశాఖపట్నం",
  "జిల్లా. ఆంధ్రప్రదేశ్. ఈస్ట్ గోదావరి": "తూర్పు గోదావరి",
  "జిల్లా. ఆంధ్రప్రదేశ్. కృష్ణ": "కృష్ణ",
  "జిల్లా. ఆంధ్రప్రదేశ్. చిత్తూరు": "చిత్తూరు",
  "జిల్లా. ఆంధ్రప్రదేశ్.గుంటూర్": "గుంటూరు",
  "జిల్లా. ఆంధ్రప్రదేశ్. కర్నూలు": "కర్నూలు",
  "జిల్లా. ఆంధ్రప్రదేశ్. అనంతపూర్": "అనంతపూర్",
  "జిల్లా. ఆంధ్రప్రదేశ్. వెస్ట్ గోదావరి": "పశ్చిమ గోదావరి",
  "జిల్లా. ఆంధ్రప్రదేశ్.వై.ఎస్.ఆర్": "వై.ఎస్.ఆర్.",
  "జిల్లా. ఉత్తరాఖండ్.దేహ్రాడూన్": "డెహ్రాడూన్",
  "జిల్లా. ఉత్తరాఖండ్.పౌరి గర్హ్వాల్": "పౌరి గర్హ్వాల్",
  "జిల్లా. ఉత్తరాఖండ్.ఉధమ్ సింగ్ నగర్": "ఉధమ్ సింగ్ నగర్",
  "జిల్లా. ఉత్తరాఖండ్.నినిటల్": "నైనిటాల్",
  "జిల్లా. ఉత్తరాఖండ్.హరిద్వార్": "హరిద్వార్",
  "జిల్లా. ఉత్తరాఖండ్.అల్మోరా": "అల్మోరా",
  "జిల్లా. ఉత్తరాఖండ్. తెలియనిది": "తెలియదు",
  "జిల్లా.ఒడిషా.ఖోర్ధా": "ఖోర్ధా",
  "జిల్లా.ఒడిషా.భద్రక్": "భద్రక్",
  "జిల్లా.ఒడిషా.కటక్": "కటక్",
  "జిల్లా.ఒడిషా.పురి": "పూరి",
  "జిల్లా.ఒడిషా.జాజాపూర్": "జాజాపూర్",
  "జిల్లా.ఒడిషా.కాలాహండి": "కలహండి",
  "జిల్లా.ఒడిషా.కేంద్రపారా": "కేంద్రపారా",
  "జిల్లా.ఒడిషా.ధెంకనల్": "ధెంకనల్",
  "జిల్లా.ఒడిషా.సుందర్‌గ h ్": "సుందర్‌గ h ్",
  "జిల్లా.పుదుచ్చేరి.మహే": "మహే",
  "జిల్లా. పుదుచ్చేరి.పుదుచ్చేరి": "పుదుచ్చేరి",
  "జిల్లా.వెస్ట్ బెంగాల్. కోల్‌కతా": "కోల్‌కతా",
  "జిల్లా.వెస్ట్ బెంగాల్. ఉత్తర 24 పరగణాలు": "ఉత్తర 24 పరగణాలు",
  "జిల్లా.వెస్ట్ బెంగాల్.నాడియా": "నాడియా",
  "జిల్లా.వెస్ట్ బెంగాల్.మెడినిపూర్ ఈస్ట్": "మెడినిపూర్ ఈస్ట్",
  "జిల్లా.వెస్ట్ బెంగాల్.కలింపాంగ్": "కాలింపాంగ్",
  "జిల్లా.వెస్ట్ బెంగాల్. హుగ్లీ": "హూగ్లీ",
  "జిల్లా.వెస్ట్ బెంగాల్.హౌరా": "హౌరా",
  "జిల్లా.వెస్ట్ బెంగాల్.సౌత్ 24 పరగణాలు": "దక్షిణ 24 పరగణాలు",
  "జిల్లా.వెస్ట్ బెంగాల్. తెలియదు": "తెలియదు",
  "జిల్లా. చండీగ Chandigarh ్. చండీగ" ్ ":" చండీగ "్",
  "జిల్లా.చత్తీస్‌గ h ్.రైపూర్": "రాయ్‌పూర్",
  "జిల్లా. ఛత్తీస్‌గ h ్. రాజ్‌నందగావ్": "రాజ్‌నందగావ్",
  "జిల్లా.చత్తీస్‌గ h ్.బిలాస్‌పూర్": "బిలాస్‌పూర్",
  "జిల్లా. ఛత్తీస్‌గ h ్. దుర్గ్": "దుర్గ్",
  "జిల్లా.చత్తీస్‌గ h ్.కోర్బా": "కోర్బా",
  "జిల్లా.గుజరాత్.రాజ్కోట్": "రాజ్కోట్",
  "జిల్లా.గుజరాత్.సురత్": "సూరత్",
  "జిల్లా.గుజరాత్.అహ్మదాబాద్": "అహ్మదాబాద్",
  "జిల్లా.గుజరత్.వడోదర": "వడోదర",
  "జిల్లా.గుజరాత్.గాంధీనగర్": "గాంధీనగర్",
  "జిల్లా.గుజరాత్.కచ్": "కచ్",
  "జిల్లా.గుజరత్.మహేసనా": "మహేసానా",
  "జిల్లా.గుజరాత్.భవ్‌నగర్": "భావ్‌నగర్",
  "జిల్లా.గుజరాత్.పోర్బందర్": "పోర్బందర్",
  "జిల్లా.గుజరాత్.గిర్ సోమనాథ్": "గిర్ సోమనాథ్",
  "జిల్లా.గుజరాత్.పంచ్ మహల్స్": "పంచ్ మహల్స్",
  "జిల్లా.గుజరాత్.పటాన్": "పటాన్",
  "జిల్లా.గుజరాత్.చోతా ఉదయపూర్": "చోటా ఉదయపూర్",
  "జిల్లా.గుజరాత్.జమ్నగర్": "జామ్‌నగర్",
  "జిల్లా.గుజారత్.మోర్బి": "మోర్బి",
  "జిల్లా.గుజరాత్.ఆనంద్": "ఆనంద్",
  "జిల్లా.గుజరాత్.సబర్ కాంత": "సబర్ కాంత",
  "జిల్లా.గుజరాత్.దాహోడ్": "దహోద్",
  "జిల్లా.గుజరాత్.భారుచ్": "భరూచ్",
  "జిల్లా.గుజరాత్.బనాస్ కాంత": "బనస్ కాంత",
  "జిల్లా.హిమాచల్ ప్రదేశ్.కాంగ్రా": "కాంగ్రా",
  "జిల్లా.హిమాచల్ ప్రదేశ్.ఉనా": "ఉనా",
  "జిల్లా.హిమాచల్.సోలన్": "సోలన్",
  "జిల్లా.హిమాచల్ ప్రదేశ్.చంబా": "చంబా",
  "జిల్లా.హిమాచల్.సిర్మౌర్": "సిర్మౌర్",
  "జిల్లా. మధ్యప్రదేశ్.జబల్పూర్": "జబల్పూర్",
  "జిల్లా. మధ్యప్రదేశ్. భోపాల్": "భోపాల్",
  "జిల్లా. మధ్యప్రదేశ్.ఇందోర్": "ఇండోర్",
  "జిల్లా. మధ్యప్రదేశ్. ఉజ్జయిని": "ఉజ్జయిని",
  "జిల్లా. మధ్యప్రదేశ్. గ్వాలియర్": "గ్వాలియర్",
  "జిల్లా. మధ్యప్రదేశ్.శివ్‌పురి": "శివపురి",
  "జిల్లా. మధ్యప్రదేశ్.చింద్వర": "చింద్వారా",
  "జిల్లా. మధ్యప్రదేశ్.మోరెనా": "మోరెనా",
  "జిల్లా. మధ్యప్రదేశ్. ఖార్గోన్": "ఖార్గోన్",
  "జిల్లా. మధ్యప్రదేశ్. బర్వానీ": "బార్వానీ",
  "జిల్లా. మధ్యప్రదేశ్. బేతుల్": "బేతుల్",
  "జిల్లా. మధ్యప్రదేశ్.విధిషా": "విదిషా",
  "జిల్లా. మధ్యప్రదేశ్. ఇతర ప్రాంతం *": "ఇతర ప్రాంతం *",
  "జిల్లా. మధ్యప్రదేశ్. షియోపూర్": "షియోపూర్",
  "జిల్లా. మధ్యప్రదేశ్.ఖండ్వా": "ఖండ్వా",
  "జిల్లా. మధ్యప్రదేశ్. ధార్": "ధార్",
  "జిల్లా. మధ్యప్రదేశ్. హోషంగాబాద్": "హోషంగాబాద్",
  "జిల్లా. మధ్యప్రదేశ్. రైసన్": "రైసన్",
"జిల్లా. మధ్యప్రదేశ్.దేవాస్": "దేవాస్",
  "జిల్లా. మధ్యప్రదేశ్.సాగర్": "సాగర్",
  "జిల్లా. మధ్యప్రదేశ్.షాజాపూర్": "షాజాపూర్",
  "జిల్లా. మధ్యప్రదేశ్. రత్లం": "రత్లం",
  "జిల్లా. మధ్యప్రదేశ్.మండ్‌సౌర్": "మాండ్‌సౌర్",
  "జిల్లా. మధ్యప్రదేశ్. టికామ్‌గ h ్": "టికామ్‌గ h ్",
  "జిల్లా.బిహార్.ముంగర్": "ముంగెర్",
  "జిల్లా.బిహార్.పట్నా": "పాట్నా",
  "జిల్లా.బిహార్.సివాన్": "సివాన్",
  "జిల్లా.బిహార్.లంద": "నలంద",
  "జిల్లా.బిహార్.లఖిసరై": "లఖిసరై",
  "జిల్లా.బిహార్.గోపాల్గంజ్": "గోపాల్గంజ్",
  "జిల్లా.బిహార్.గయా": "గయా",
  "జిల్లా.బిహార్.బెగుసారై": "బెగుసారై",
  "జిల్లా.బిహార్.సారన్": "సరన్",
  "జిల్లా.బిహార్.భగల్పూర్": "భాగల్పూర్",
  "జిల్లా.బిహార్.నావాడ": "నవాడ",
  "జిల్లా.మణిపూర్.ఇంఫాల్ వెస్ట్": "ఇంఫాల్ వెస్ట్",
  "జిల్లా.మణిపూర్. తెలియనిది": "తెలియదు",
  "జిల్లా.మిజోరం.అజాల్": "ఐజాల్",
  "జిల్లా.గోవా.నోర్త్ గోవా": "ఉత్తర గోవా",
  "జిల్లా.గోవా. తెలియనిది": "తెలియదు",
  "జిల్లా. అండమాన్ మరియు నికోబార్ దీవులు. సౌత్ అండమాన్": "దక్షిణ అండమాన్",
  "జిల్లా. అండమాన్ మరియు నికోబార్ దీవులు. ఉత్తర మరియు మధ్య అండమాన్": "ఉత్తర మరియు మధ్య అండమాన్",
  "జిల్లా. అండమాన్ మరియు నికోబార్ దీవులు. తెలియనివి": "తెలియదు",
  "జిల్లా.జార్ఖండ్.రాంచీ": "రాంచీ",
  "జిల్లా.జార్ఖండ్.హజారిబాగ్": "హజారిబాగ్",
  "జిల్లా.జార్ఖండ్.బోకారో": "బొకారో",
  "జిల్లా.జార్ఖండ్.కోదర్మా": "కోదర్మ",
  "జిల్లా.జార్ఖండ్.గిరిదిహ్": "గిరిదిహ్",
  "జిల్లా.జార్ఖండ్. తెలియనిది": "తెలియదు",
  "జిల్లా.అసం.కాచర్": "కాచర్",
  "జిల్లా. అస్సాం.కమ్రప్ మెట్రోపాలిటన్": "కమ్రప్ మెట్రోపాలిటన్",
  "జిల్లా.అసం.జోర్హాట్": "జోర్హాట్",
  "జిల్లా.అసం.గోల్పారా": "గోల్‌పారా",
  "జిల్లా.అసం.నల్బరి": "నల్బరి",
  "జిల్లా. అస్సాం.సౌత్ సల్మారా మంచాచార్": "సౌత్ సల్మారా మంచాచర్",
  "జిల్లా.అసం.కమ్రప్": "కమ్రప్",
  "జిల్లా.అస్సాం.మోరిగాన్": "మోరిగాన్",
  "జిల్లా.అసం.గోలఘాట్": "గోలఘాట్",
  "జిల్లా.అసం.లఖింపూర్": "లఖింపూర్",
  "జిల్లా.అసం.ధుబ్రి": "ధుబ్రి",
  "జిల్లా.అసం.హైలకాండి": "హైలాకాండి",
  "జిల్లా. అరుణాచల్ ప్రదేశ్. లోహిత్": "లోహిత్",
  "జిల్లా.దద్ర మరియు నగర్ హవేలి. తెలియదు": "తెలియదు",
  "జిల్లా. త్రిపుర.గోమతి": "గోమతి",
  "జిల్లా. త్రిపుర.నోర్త్ త్రిపుర": "ఉత్తర త్రిపుర",
  "జిల్లా.నాగాలాండ్.డిమాపూర్": "డిమాపూర్",
  "జిల్లా. మేఘాలయ.ఈస్ట్ ఖాసి హిల్స్": "ఈస్ట్ ఖాసి హిల్స్"
}
